Running: gcovr -r /home/federico/Documents/Curso_Zephyr/taskworkspace/zephyr-course/app/modules/ring_buf --gcov-ignore-parse-errors=negative_hits.warn_once_per_file --gcov-executable gcov -e tests/* -e .*generated.* -e .*/tests/.* -e .*/samples/.* --exclude-branches-by-pattern (^\s*LOG_(?:HEXDUMP_)?(?:DBG|INF|WRN|ERR)\(.*)|(^\s*__ASSERT(?:_EVAL|_NO_MSG|_POST_ACTION)?\(.*) -v --merge-mode-functions=separate --json -o /home/federico/Documents/Curso_Zephyr/taskworkspace/zephyr-course/twister-out/coverage.json /home/federico/Documents/Curso_Zephyr/taskworkspace/zephyr-course/twister-out
(DEBUG) gcovr version 8.6
(DEBUG) File system is case sensitive.
(DEBUG) Filters for --filter: (1)
(DEBUG)  - DirectoryPrefixFilter(/home/federico/Documents/Curso_Zephyr/taskworkspace/zephyr\-course/app/modules/ring_buf/)
(DEBUG) Filters for --exclude: (4)
(DEBUG)  - RelativeFilter(tests/* root=/home/federico/Documents/Curso_Zephyr/taskworkspace/zephyr-course)
(DEBUG)  - RelativeFilter(.*generated.* root=/home/federico/Documents/Curso_Zephyr/taskworkspace/zephyr-course)
(DEBUG)  - RelativeFilter(.*/tests/.* root=/home/federico/Documents/Curso_Zephyr/taskworkspace/zephyr-course)
(DEBUG)  - RelativeFilter(.*/samples/.* root=/home/federico/Documents/Curso_Zephyr/taskworkspace/zephyr-course)
(DEBUG) Filters for --include: (0)
(DEBUG) Filters for --gcov-filter: (1)
(DEBUG)  - AlwaysMatchFilter()
(DEBUG) Filters for --gcov-exclude: (0)
(DEBUG) Filters for --exclude-directory: (0)
(DEBUG) Filters for --trace-include: (0)
(DEBUG) Filters for --trace-exclude: (0)
(DEBUG) Patterns for --exclude-function: (0)
(DEBUG) Patterns for --exclude-lines-by-pattern: (0)
(DEBUG) Patterns for --exclude-branches-by-pattern: (1)
(DEBUG)  - re.compile('(^\\s*LOG_(?:HEXDUMP_)?(?:DBG|INF|WRN|ERR)\\(.*)|(^\\s*__ASSERT(?:_EVAL|_NO_MSG|_POST_ACTION)?\\(.*)')
(INFO) Reading coverage data...
(DEBUG) Scanning directory twister-out for gcda/gcno files...
(DEBUG) Found 176 files (and will process 99)
(DEBUG) Using 1 workers.
(DEBUG) Pool started with 1 threads
(DEBUG) Check if /home/federico/Documents/Curso_Zephyr/taskworkspace/zephyr-course/twister-out/native_sim_native/host/homework.unit.ring_buf/CMakeFiles/app.dir/home/federico/Documents/Curso_Zephyr/taskworkspace/zephyr-course/app/modules/ring_buf/src/ring_buf.c.gcda is included (trace)...
(DEBUG)   No filter matched.
(DEBUG) --> File is excluded.
(DEBUG) GCOV capabilities: JSON format available.
(DEBUG) GCOV capabilities: Condition coverage available.
(DEBUG) GCOV capabilities: Demangled names available.
(DEBUG) GCOV capabilities: Hashing of filenames available.
(DEBUG) Check if /home/federico/Documents/Curso_Zephyr/taskworkspace/zephyr-course/twister-out/native_sim_native/host/homework.unit.ring_buf/CMakeFiles/app.dir/home/federico/Documents/Curso_Zephyr/taskworkspace/zephyr-course/app/modules/ring_buf/src/ring_buf.c.gcda is included (trace)...
(DEBUG) --> File is excluded.
(DEBUG) Check if ring_buf.c##fb914c88ea5e823d69f86a096fcdf8d9.gcov.json.gz is included (gcov file)...
(DEBUG)   Filter AlwaysMatchFilter() matched.
(DEBUG) --> File is included.
(DEBUG) Check if /home/federico/Documents/Curso_Zephyr/taskworkspace/zephyr-course/app/modules/ring_buf/ring_buf.c##fb914c88ea5e823d69f86a096fcdf8d9.gcov.json.gz is included (trace)...
(DEBUG)   No filter matched.
(DEBUG) --> File is excluded.
(DEBUG) Check if /home/federico/Documents/Curso_Zephyr/taskworkspace/zephyr-course/app/modules/ring_buf/src/ring_buf.c is included (source file)...
(DEBUG)   Filter DirectoryPrefixFilter(/home/federico/Documents/Curso_Zephyr/taskworkspace/zephyr\-course/app/modules/ring_buf/) matched for path /home/federico/Documents/Curso_Zephyr/taskworkspace/zephyr-course/app/modules/ring_buf/src/ring_buf.c.
(DEBUG) Check for exclusion...
(DEBUG)   No filter matched.
(DEBUG) --> File is included.
(DEBUG) Parsing coverage data for file /home/federico/Documents/Curso_Zephyr/taskworkspace/zephyr-course/app/modules/ring_buf/src/ring_buf.c
(DEBUG) Check if /home/federico/Documents/Curso_Zephyr/taskworkspace/zephyr-course/app/modules/ring_buf/src/ring_buf.c is included (trace)...
(DEBUG)   No filter matched.
(DEBUG) --> File is excluded.
(DEBUG) Check if /home/federico/Documents/Curso_Zephyr/taskworkspace/deps/zephyr/include/zephyr/logging/log_msg.h is included (source file)...
(DEBUG)   No filter matched.
(DEBUG) --> File is excluded.
(DEBUG) Check if /home/federico/Documents/Curso_Zephyr/taskworkspace/zephyr-course/twister-out/native_sim_native/host/homework.unit.ring_buf/CMakeFiles/app.dir/src/test_ring_buf.c.gcda is included (trace)...
(DEBUG)   No filter matched.
(DEBUG) --> File is excluded.
(DEBUG) Check if /home/federico/Documents/Curso_Zephyr/taskworkspace/zephyr-course/twister-out/native_sim_native/host/homework.unit.ring_buf/CMakeFiles/app.dir/src/test_ring_buf.c.gcda is included (trace)...
(DEBUG) --> File is excluded.
(DEBUG) Check if test_ring_buf.c##fa875362f4594ba239b26553d1501607.gcov.json.gz is included (gcov file)...
(DEBUG)   Filter AlwaysMatchFilter() matched.
(DEBUG) --> File is included.
(DEBUG) Check if /home/federico/Documents/Curso_Zephyr/taskworkspace/zephyr-course/app/modules/ring_buf/test_ring_buf.c##fa875362f4594ba239b26553d1501607.gcov.json.gz is included (trace)...
(DEBUG)   No filter matched.
(DEBUG) --> File is excluded.
(DEBUG) Check if /home/federico/Documents/Curso_Zephyr/taskworkspace/zephyr-course/tests/ring_buf/src/test_ring_buf.c is included (source file)...
(DEBUG)   No filter matched.
(DEBUG) --> File is excluded.
(DEBUG) Check if /home/federico/Documents/Curso_Zephyr/taskworkspace/deps/zephyr/subsys/testsuite/ztest/include/zephyr/ztest_assert.h is included (source file)...
(DEBUG)   No filter matched.
(DEBUG) --> File is excluded.
(DEBUG) Check if /home/federico/Documents/Curso_Zephyr/taskworkspace/zephyr-course/twister-out/native_sim_native/host/homework.unit.ring_buf/zephyr/CMakeFiles/offsets.dir/arch/posix/core/offsets/offsets.c.gcda is included (trace)...
(DEBUG)   No filter matched.
(DEBUG) --> File is excluded.
(DEBUG) Check if /home/federico/Documents/Curso_Zephyr/taskworkspace/zephyr-course/twister-out/native_sim_native/host/homework.unit.ring_buf/zephyr/CMakeFiles/offsets.dir/arch/posix/core/offsets/offsets.c.gcda is included (trace)...
(DEBUG) --> File is excluded.
(DEBUG) Check if offsets.c##42298f25cb1797a17cd4a99d8d806c0a.gcov.json.gz is included (gcov file)...
(DEBUG)   Filter AlwaysMatchFilter() matched.
(DEBUG) --> File is included.
(DEBUG) Check if /home/federico/Documents/Curso_Zephyr/taskworkspace/zephyr-course/app/modules/ring_buf/offsets.c##42298f25cb1797a17cd4a99d8d806c0a.gcov.json.gz is included (trace)...
(DEBUG)   No filter matched.
(DEBUG) --> File is excluded.
(DEBUG) Check if /home/federico/Documents/Curso_Zephyr/taskworkspace/deps/zephyr/kernel/include/kernel_offsets.h is included (source file)...
(DEBUG)   No filter matched.
(DEBUG) --> File is excluded.
(DEBUG) Check if /home/federico/Documents/Curso_Zephyr/taskworkspace/deps/zephyr/arch/posix/core/offsets/offsets.c is included (source file)...
(DEBUG)   No filter matched.
(DEBUG) --> File is excluded.
(DEBUG) Check if /home/federico/Documents/Curso_Zephyr/taskworkspace/zephyr-course/twister-out/native_sim_native/host/homework.unit.ring_buf/zephyr/CMakeFiles/zephyr.dir/lib/heap/heap.c.gcda is included (trace)...
(DEBUG)   No filter matched.
(DEBUG) --> File is excluded.
(DEBUG) Check if /home/federico/Documents/Curso_Zephyr/taskworkspace/zephyr-course/twister-out/native_sim_native/host/homework.unit.ring_buf/zephyr/CMakeFiles/zephyr.dir/lib/heap/heap.c.gcda is included (trace)...
(DEBUG) --> File is excluded.
(DEBUG) Check if heap.c##204d510e1272c3cf0284135e8d954416.gcov.json.gz is included (gcov file)...
(DEBUG)   Filter AlwaysMatchFilter() matched.
(DEBUG) --> File is included.
(DEBUG) Check if /home/federico/Documents/Curso_Zephyr/taskworkspace/zephyr-course/app/modules/ring_buf/heap.c##204d510e1272c3cf0284135e8d954416.gcov.json.gz is included (trace)...
(DEBUG)   No filter matched.
(DEBUG) --> File is excluded.
(DEBUG) Check if /home/federico/Documents/Curso_Zephyr/taskworkspace/deps/zephyr/lib/heap/heap.c is included (source file)...
(DEBUG)   No filter matched.
(DEBUG) --> File is excluded.
(DEBUG) Check if /home/federico/Documents/Curso_Zephyr/taskworkspace/deps/zephyr/lib/heap/heap.h is included (source file)...
(DEBUG)   No filter matched.
(DEBUG) --> File is excluded.
(DEBUG) Check if /home/federico/Documents/Curso_Zephyr/taskworkspace/zephyr-course/twister-out/native_sim_native/host/homework.unit.ring_buf/zephyr/CMakeFiles/zephyr.dir/lib/os/assert.c.gcda is included (trace)...
(DEBUG)   No filter matched.
(DEBUG) --> File is excluded.
(DEBUG) Check if /home/federico/Documents/Curso_Zephyr/taskworkspace/zephyr-course/twister-out/native_sim_native/host/homework.unit.ring_buf/zephyr/CMakeFiles/zephyr.dir/lib/os/assert.c.gcda is included (trace)...
(DEBUG) --> File is excluded.
(DEBUG) Check if assert.c##0eef4c6f05c81e9cee6c4c5b3eaddc49.gcov.json.gz is included (gcov file)...
(DEBUG)   Filter AlwaysMatchFilter() matched.
(DEBUG) --> File is included.
(DEBUG) Check if /home/federico/Documents/Curso_Zephyr/taskworkspace/zephyr-course/app/modules/ring_buf/assert.c##0eef4c6f05c81e9cee6c4c5b3eaddc49.gcov.json.gz is included (trace)...
(DEBUG)   No filter matched.
(DEBUG) --> File is excluded.
(DEBUG) Check if /home/federico/Documents/Curso_Zephyr/taskworkspace/deps/zephyr/lib/os/assert.c is included (source file)...
(DEBUG)   No filter matched.
(DEBUG) --> File is excluded.
(DEBUG) Check if /home/federico/Documents/Curso_Zephyr/taskworkspace/zephyr-course/twister-out/native_sim_native/host/homework.unit.ring_buf/zephyr/CMakeFiles/zephyr.dir/lib/os/cbprintf.c.gcda is included (trace)...
(DEBUG)   No filter matched.
(DEBUG) --> File is excluded.
(DEBUG) Check if /home/federico/Documents/Curso_Zephyr/taskworkspace/zephyr-course/twister-out/native_sim_native/host/homework.unit.ring_buf/zephyr/CMakeFiles/zephyr.dir/lib/os/cbprintf.c.gcda is included (trace)...
(DEBUG) --> File is excluded.
(DEBUG) Check if cbprintf.c##1e36ae25ddf51293355e1c0dc406c8c5.gcov.json.gz is included (gcov file)...
(DEBUG)   Filter AlwaysMatchFilter() matched.
(DEBUG) --> File is included.
(DEBUG) Check if /home/federico/Documents/Curso_Zephyr/taskworkspace/zephyr-course/app/modules/ring_buf/cbprintf.c##1e36ae25ddf51293355e1c0dc406c8c5.gcov.json.gz is included (trace)...
(DEBUG)   No filter matched.
(DEBUG) --> File is excluded.
(DEBUG) Check if /home/federico/Documents/Curso_Zephyr/taskworkspace/deps/zephyr/lib/os/cbprintf.c is included (source file)...
(DEBUG)   No filter matched.
(DEBUG) --> File is excluded.
(DEBUG) Check if /home/federico/Documents/Curso_Zephyr/taskworkspace/deps/zephyr/include/zephyr/sys/cbprintf.h is included (source file)...
(DEBUG)   No filter matched.
(DEBUG) --> File is excluded.
(DEBUG) Check if /home/federico/Documents/Curso_Zephyr/taskworkspace/zephyr-course/twister-out/native_sim_native/host/homework.unit.ring_buf/zephyr/CMakeFiles/zephyr.dir/lib/os/cbprintf_complete.c.gcda is included (trace)...
(DEBUG)   No filter matched.
(DEBUG) --> File is excluded.
(DEBUG) Check if /home/federico/Documents/Curso_Zephyr/taskworkspace/zephyr-course/twister-out/native_sim_native/host/homework.unit.ring_buf/zephyr/CMakeFiles/zephyr.dir/lib/os/cbprintf_complete.c.gcda is included (trace)...
(DEBUG) --> File is excluded.
(DEBUG) Check if cbprintf_complete.c##44ff3edacecd8b80f4b1af722b176cc3.gcov.json.gz is included (gcov file)...
(DEBUG)   Filter AlwaysMatchFilter() matched.
(DEBUG) --> File is included.
(DEBUG) Check if /home/federico/Documents/Curso_Zephyr/taskworkspace/zephyr-course/app/modules/ring_buf/cbprintf_complete.c##44ff3edacecd8b80f4b1af722b176cc3.gcov.json.gz is included (trace)...
(DEBUG)   No filter matched.
(DEBUG) --> File is excluded.
(DEBUG) Check if /home/federico/Documents/Curso_Zephyr/taskworkspace/deps/zephyr/lib/os/cbprintf_complete.c is included (source file)...
(DEBUG)   No filter matched.
(DEBUG) --> File is excluded.
(DEBUG) Check if /home/federico/Documents/Curso_Zephyr/taskworkspace/zephyr-course/twister-out/native_sim_native/host/homework.unit.ring_buf/zephyr/CMakeFiles/zephyr.dir/lib/os/cbprintf_packaged.c.gcda is included (trace)...
(DEBUG)   No filter matched.
(DEBUG) --> File is excluded.
(DEBUG) Check if /home/federico/Documents/Curso_Zephyr/taskworkspace/zephyr-course/twister-out/native_sim_native/host/homework.unit.ring_buf/zephyr/CMakeFiles/zephyr.dir/lib/os/cbprintf_packaged.c.gcda is included (trace)...
(DEBUG) --> File is excluded.
(DEBUG) Check if cbprintf_packaged.c##db12d2beeb98d62ca313508be6c005bf.gcov.json.gz is included (gcov file)...
(DEBUG)   Filter AlwaysMatchFilter() matched.
(DEBUG) --> File is included.
(DEBUG) Check if /home/federico/Documents/Curso_Zephyr/taskworkspace/zephyr-course/app/modules/ring_buf/cbprintf_packaged.c##db12d2beeb98d62ca313508be6c005bf.gcov.json.gz is included (trace)...
(DEBUG)   No filter matched.
(DEBUG) --> File is excluded.
(DEBUG) Check if /home/federico/Documents/Curso_Zephyr/taskworkspace/deps/zephyr/lib/os/cbprintf_packaged.c is included (source file)...
(DEBUG)   No filter matched.
(DEBUG) --> File is excluded.
(DEBUG) Check if /home/federico/Documents/Curso_Zephyr/taskworkspace/deps/zephyr/include/zephyr/logging/log_msg.h is included (source file)...
(DEBUG) --> File is excluded.
(DEBUG) Check if /home/federico/Documents/Curso_Zephyr/taskworkspace/deps/zephyr/include/zephyr/linker/utils.h is included (source file)...
(DEBUG)   No filter matched.
(DEBUG) --> File is excluded.
(DEBUG) Check if /home/federico/Documents/Curso_Zephyr/taskworkspace/zephyr-course/twister-out/native_sim_native/host/homework.unit.ring_buf/zephyr/CMakeFiles/zephyr.dir/lib/os/clock.c.gcda is included (trace)...
(DEBUG)   No filter matched.
(DEBUG) --> File is excluded.
(DEBUG) Check if /home/federico/Documents/Curso_Zephyr/taskworkspace/zephyr-course/twister-out/native_sim_native/host/homework.unit.ring_buf/zephyr/CMakeFiles/zephyr.dir/lib/os/clock.c.gcda is included (trace)...
(DEBUG) --> File is excluded.
(DEBUG) Check if clock.c##031d2365c40f264368a4b425dc20d5b2.gcov.json.gz is included (gcov file)...
(DEBUG)   Filter AlwaysMatchFilter() matched.
(DEBUG) --> File is included.
(DEBUG) Check if /home/federico/Documents/Curso_Zephyr/taskworkspace/zephyr-course/app/modules/ring_buf/clock.c##031d2365c40f264368a4b425dc20d5b2.gcov.json.gz is included (trace)...
(DEBUG)   No filter matched.
(DEBUG) --> File is excluded.
(DEBUG) Check if /home/federico/Documents/Curso_Zephyr/taskworkspace/deps/zephyr/lib/os/clock.c is included (source file)...
(DEBUG)   No filter matched.
(DEBUG) --> File is excluded.
(DEBUG) Check if /home/federico/Documents/Curso_Zephyr/taskworkspace/deps/zephyr/include/zephyr/sys/timeutil.h is included (source file)...
(DEBUG)   No filter matched.
(DEBUG) --> File is excluded.
(DEBUG) Check if /home/federico/Documents/Curso_Zephyr/taskworkspace/zephyr-course/twister-out/native_sim_native/host/homework.unit.ring_buf/zephyr/include/generated/zephyr/syscalls/kernel.h is included (source file)...
(DEBUG)   No filter matched.
(DEBUG) --> File is excluded.
(DEBUG) Check if /home/federico/Documents/Curso_Zephyr/taskworkspace/deps/zephyr/include/zephyr/spinlock.h is included (source file)...
(DEBUG)   No filter matched.
(DEBUG) --> File is excluded.
(DEBUG) Check if /home/federico/Documents/Curso_Zephyr/taskworkspace/zephyr-course/twister-out/native_sim_native/host/homework.unit.ring_buf/zephyr/include/generated/zephyr/syscalls/clock.h is included (source file)...
(DEBUG)   No filter matched.
(DEBUG) --> File is excluded.
(DEBUG) Check if /home/federico/Documents/Curso_Zephyr/taskworkspace/deps/zephyr/include/zephyr/arch/posix/arch.h is included (source file)...
(DEBUG)   No filter matched.
(DEBUG) --> File is excluded.
(DEBUG) Check if /home/federico/Documents/Curso_Zephyr/taskworkspace/zephyr-course/twister-out/native_sim_native/host/homework.unit.ring_buf/zephyr/CMakeFiles/zephyr.dir/lib/os/printk.c.gcda is included (trace)...
(DEBUG)   No filter matched.
(DEBUG) --> File is excluded.
(DEBUG) Check if /home/federico/Documents/Curso_Zephyr/taskworkspace/zephyr-course/twister-out/native_sim_native/host/homework.unit.ring_buf/zephyr/CMakeFiles/zephyr.dir/lib/os/printk.c.gcda is included (trace)...
(DEBUG) --> File is excluded.
(DEBUG) Check if printk.c##c8e0f3cf1cf9b2deb1bf0d5566f29f2f.gcov.json.gz is included (gcov file)...
(DEBUG)   Filter AlwaysMatchFilter() matched.
(DEBUG) --> File is included.
(DEBUG) Check if /home/federico/Documents/Curso_Zephyr/taskworkspace/zephyr-course/app/modules/ring_buf/printk.c##c8e0f3cf1cf9b2deb1bf0d5566f29f2f.gcov.json.gz is included (trace)...
(DEBUG)   No filter matched.
(DEBUG) --> File is excluded.
(DEBUG) Check if /home/federico/Documents/Curso_Zephyr/taskworkspace/deps/zephyr/lib/os/printk.c is included (source file)...
(DEBUG)   No filter matched.
(DEBUG) --> File is excluded.
(DEBUG) Check if /home/federico/Documents/Curso_Zephyr/taskworkspace/deps/zephyr/include/zephyr/sys/cbprintf.h is included (source file)...
(DEBUG) --> File is excluded.
(DEBUG) Check if /home/federico/Documents/Curso_Zephyr/taskworkspace/zephyr-course/twister-out/native_sim_native/host/homework.unit.ring_buf/zephyr/include/generated/zephyr/syscalls/kernel.h is included (source file)...
(DEBUG) --> File is excluded.
(DEBUG) Check if /home/federico/Documents/Curso_Zephyr/taskworkspace/zephyr-course/twister-out/native_sim_native/host/homework.unit.ring_buf/zephyr/CMakeFiles/zephyr.dir/lib/os/sem.c.gcda is included (trace)...
(DEBUG)   No filter matched.
(DEBUG) --> File is excluded.
(DEBUG) Check if /home/federico/Documents/Curso_Zephyr/taskworkspace/zephyr-course/twister-out/native_sim_native/host/homework.unit.ring_buf/zephyr/CMakeFiles/zephyr.dir/lib/os/sem.c.gcda is included (trace)...
(DEBUG) --> File is excluded.
(DEBUG) Check if sem.c##a57fd53ef0e0074da5d4dd0bdd319adf.gcov.json.gz is included (gcov file)...
(DEBUG)   Filter AlwaysMatchFilter() matched.
(DEBUG) --> File is included.
(DEBUG) Check if /home/federico/Documents/Curso_Zephyr/taskworkspace/zephyr-course/app/modules/ring_buf/sem.c##a57fd53ef0e0074da5d4dd0bdd319adf.gcov.json.gz is included (trace)...
(DEBUG)   No filter matched.
(DEBUG) --> File is excluded.
(DEBUG) Check if /home/federico/Documents/Curso_Zephyr/taskworkspace/deps/zephyr/lib/os/sem.c is included (source file)...
(DEBUG)   No filter matched.
(DEBUG) --> File is excluded.
(DEBUG) Check if /home/federico/Documents/Curso_Zephyr/taskworkspace/zephyr-course/twister-out/native_sim_native/host/homework.unit.ring_buf/zephyr/include/generated/zephyr/syscalls/kernel.h is included (source file)...
(DEBUG) --> File is excluded.
(DEBUG) Check if /home/federico/Documents/Curso_Zephyr/taskworkspace/deps/zephyr/include/zephyr/kernel.h is included (source file)...
(DEBUG)   No filter matched.
(DEBUG) --> File is excluded.
(DEBUG) Check if /home/federico/Documents/Curso_Zephyr/taskworkspace/zephyr-course/twister-out/native_sim_native/host/homework.unit.ring_buf/zephyr/CMakeFiles/zephyr.dir/lib/os/thread_entry.c.gcda is included (trace)...
(DEBUG)   No filter matched.
(DEBUG) --> File is excluded.
(DEBUG) Check if /home/federico/Documents/Curso_Zephyr/taskworkspace/zephyr-course/twister-out/native_sim_native/host/homework.unit.ring_buf/zephyr/CMakeFiles/zephyr.dir/lib/os/thread_entry.c.gcda is included (trace)...
(DEBUG) --> File is excluded.
(DEBUG) Check if thread_entry.c##2c799cbaf453eae02ee2df6953c51bcc.gcov.json.gz is included (gcov file)...
(DEBUG)   Filter AlwaysMatchFilter() matched.
(DEBUG) --> File is included.
(DEBUG) Check if /home/federico/Documents/Curso_Zephyr/taskworkspace/zephyr-course/app/modules/ring_buf/thread_entry.c##2c799cbaf453eae02ee2df6953c51bcc.gcov.json.gz is included (trace)...
(DEBUG)   No filter matched.
(DEBUG) --> File is excluded.
(DEBUG) Check if /home/federico/Documents/Curso_Zephyr/taskworkspace/deps/zephyr/lib/os/thread_entry.c is included (source file)...
(DEBUG)   No filter matched.
(DEBUG) --> File is excluded.
(DEBUG) Check if /home/federico/Documents/Curso_Zephyr/taskworkspace/zephyr-course/twister-out/native_sim_native/host/homework.unit.ring_buf/zephyr/include/generated/zephyr/syscalls/kernel.h is included (source file)...
(DEBUG) --> File is excluded.
(DEBUG) Check if /home/federico/Documents/Curso_Zephyr/taskworkspace/deps/zephyr/include/zephyr/kernel.h is included (source file)...
(DEBUG) --> File is excluded.
(DEBUG) Check if /home/federico/Documents/Curso_Zephyr/taskworkspace/zephyr-course/twister-out/native_sim_native/host/homework.unit.ring_buf/zephyr/CMakeFiles/zephyr.dir/lib/utils/bitarray.c.gcda is included (trace)...
(DEBUG)   No filter matched.
(DEBUG) --> File is excluded.
(DEBUG) Check if /home/federico/Documents/Curso_Zephyr/taskworkspace/zephyr-course/twister-out/native_sim_native/host/homework.unit.ring_buf/zephyr/CMakeFiles/zephyr.dir/lib/utils/bitarray.c.gcda is included (trace)...
(DEBUG) --> File is excluded.
(DEBUG) Check if bitarray.c##a4a624b8ec1a1b04504ea0845a4bc264.gcov.json.gz is included (gcov file)...
(DEBUG)   Filter AlwaysMatchFilter() matched.
(DEBUG) --> File is included.
(DEBUG) Check if /home/federico/Documents/Curso_Zephyr/taskworkspace/zephyr-course/app/modules/ring_buf/bitarray.c##a4a624b8ec1a1b04504ea0845a4bc264.gcov.json.gz is included (trace)...
(DEBUG)   No filter matched.
(DEBUG) --> File is excluded.
(DEBUG) Check if /home/federico/Documents/Curso_Zephyr/taskworkspace/deps/zephyr/lib/utils/bitarray.c is included (source file)...
(DEBUG)   No filter matched.
(DEBUG) --> File is excluded.
(DEBUG) Check if /home/federico/Documents/Curso_Zephyr/taskworkspace/deps/zephyr/include/zephyr/spinlock.h is included (source file)...
(DEBUG) --> File is excluded.
(DEBUG) Check if /home/federico/Documents/Curso_Zephyr/taskworkspace/deps/zephyr/include/zephyr/arch/posix/arch.h is included (source file)...
(DEBUG) --> File is excluded.
(DEBUG) Check if /home/federico/Documents/Curso_Zephyr/taskworkspace/deps/zephyr/include/zephyr/arch/common/ffs.h is included (source file)...
(DEBUG)   No filter matched.
(DEBUG) --> File is excluded.
(DEBUG) Check if /home/federico/Documents/Curso_Zephyr/taskworkspace/zephyr-course/twister-out/native_sim_native/host/homework.unit.ring_buf/zephyr/CMakeFiles/zephyr.dir/lib/utils/dec.c.gcda is included (trace)...
(DEBUG)   No filter matched.
(DEBUG) --> File is excluded.
(DEBUG) Check if /home/federico/Documents/Curso_Zephyr/taskworkspace/zephyr-course/twister-out/native_sim_native/host/homework.unit.ring_buf/zephyr/CMakeFiles/zephyr.dir/lib/utils/dec.c.gcda is included (trace)...
(DEBUG) --> File is excluded.
(DEBUG) Check if dec.c##47c4d7f88d71390119fc7a6d89e609fe.gcov.json.gz is included (gcov file)...
(DEBUG)   Filter AlwaysMatchFilter() matched.
(DEBUG) --> File is included.
(DEBUG) Check if /home/federico/Documents/Curso_Zephyr/taskworkspace/zephyr-course/app/modules/ring_buf/dec.c##47c4d7f88d71390119fc7a6d89e609fe.gcov.json.gz is included (trace)...
(DEBUG)   No filter matched.
(DEBUG) --> File is excluded.
(DEBUG) Check if /home/federico/Documents/Curso_Zephyr/taskworkspace/deps/zephyr/lib/utils/dec.c is included (source file)...
(DEBUG)   No filter matched.
(DEBUG) --> File is excluded.
(DEBUG) Check if /home/federico/Documents/Curso_Zephyr/taskworkspace/zephyr-course/twister-out/native_sim_native/host/homework.unit.ring_buf/zephyr/CMakeFiles/zephyr.dir/lib/utils/hex.c.gcda is included (trace)...
(DEBUG)   No filter matched.
(DEBUG) --> File is excluded.
(DEBUG) Check if /home/federico/Documents/Curso_Zephyr/taskworkspace/zephyr-course/twister-out/native_sim_native/host/homework.unit.ring_buf/zephyr/CMakeFiles/zephyr.dir/lib/utils/hex.c.gcda is included (trace)...
(DEBUG) --> File is excluded.
(DEBUG) Check if hex.c##d22c8633e0ccec7151f2b9a9ee38bef2.gcov.json.gz is included (gcov file)...
(DEBUG)   Filter AlwaysMatchFilter() matched.
(DEBUG) --> File is included.
(DEBUG) Check if /home/federico/Documents/Curso_Zephyr/taskworkspace/zephyr-course/app/modules/ring_buf/hex.c##d22c8633e0ccec7151f2b9a9ee38bef2.gcov.json.gz is included (trace)...
(DEBUG)   No filter matched.
(DEBUG) --> File is excluded.
(DEBUG) Check if /home/federico/Documents/Curso_Zephyr/taskworkspace/deps/zephyr/lib/utils/hex.c is included (source file)...
(DEBUG)   No filter matched.
(DEBUG) --> File is excluded.
(DEBUG) Check if /home/federico/Documents/Curso_Zephyr/taskworkspace/zephyr-course/twister-out/native_sim_native/host/homework.unit.ring_buf/zephyr/CMakeFiles/zephyr.dir/lib/utils/rb.c.gcda is included (trace)...
(DEBUG)   No filter matched.
(DEBUG) --> File is excluded.
(DEBUG) Check if /home/federico/Documents/Curso_Zephyr/taskworkspace/zephyr-course/twister-out/native_sim_native/host/homework.unit.ring_buf/zephyr/CMakeFiles/zephyr.dir/lib/utils/rb.c.gcda is included (trace)...
(DEBUG) --> File is excluded.
(DEBUG) Check if rb.c##5854889ba3d9dcbb71acd625e0c1597d.gcov.json.gz is included (gcov file)...
(DEBUG)   Filter AlwaysMatchFilter() matched.
(DEBUG) --> File is included.
(DEBUG) Check if /home/federico/Documents/Curso_Zephyr/taskworkspace/zephyr-course/app/modules/ring_buf/rb.c##5854889ba3d9dcbb71acd625e0c1597d.gcov.json.gz is included (trace)...
(DEBUG)   No filter matched.
(DEBUG) --> File is excluded.
(DEBUG) Check if /home/federico/Documents/Curso_Zephyr/taskworkspace/deps/zephyr/lib/utils/rb.c is included (source file)...
(DEBUG)   No filter matched.
(DEBUG) --> File is excluded.
(DEBUG) Check if /home/federico/Documents/Curso_Zephyr/taskworkspace/zephyr-course/twister-out/native_sim_native/host/homework.unit.ring_buf/zephyr/CMakeFiles/zephyr.dir/lib/utils/ring_buffer.c.gcda is included (trace)...
(DEBUG)   No filter matched.
(DEBUG) --> File is excluded.
(DEBUG) Check if /home/federico/Documents/Curso_Zephyr/taskworkspace/zephyr-course/twister-out/native_sim_native/host/homework.unit.ring_buf/zephyr/CMakeFiles/zephyr.dir/lib/utils/ring_buffer.c.gcda is included (trace)...
(DEBUG) --> File is excluded.
(DEBUG) Check if ring_buffer.c##c07592e17d1882e4108c74f253534832.gcov.json.gz is included (gcov file)...
(DEBUG)   Filter AlwaysMatchFilter() matched.
(DEBUG) --> File is included.
(DEBUG) Check if /home/federico/Documents/Curso_Zephyr/taskworkspace/zephyr-course/app/modules/ring_buf/ring_buffer.c##c07592e17d1882e4108c74f253534832.gcov.json.gz is included (trace)...
(DEBUG)   No filter matched.
(DEBUG) --> File is excluded.
(DEBUG) Check if /home/federico/Documents/Curso_Zephyr/taskworkspace/deps/zephyr/lib/utils/ring_buffer.c is included (source file)...
(DEBUG)   No filter matched.
(DEBUG) --> File is excluded.
(DEBUG) Check if /home/federico/Documents/Curso_Zephyr/taskworkspace/deps/zephyr/include/zephyr/sys/ring_buffer.h is included (source file)...
(DEBUG)   No filter matched.
(DEBUG) --> File is excluded.
(DEBUG) Check if /home/federico/Documents/Curso_Zephyr/taskworkspace/zephyr-course/twister-out/native_sim_native/host/homework.unit.ring_buf/zephyr/CMakeFiles/zephyr.dir/lib/utils/timeutil.c.gcda is included (trace)...
(DEBUG)   No filter matched.
(DEBUG) --> File is excluded.
(DEBUG) Check if /home/federico/Documents/Curso_Zephyr/taskworkspace/zephyr-course/twister-out/native_sim_native/host/homework.unit.ring_buf/zephyr/CMakeFiles/zephyr.dir/lib/utils/timeutil.c.gcda is included (trace)...
(DEBUG) --> File is excluded.
(DEBUG) Check if timeutil.c##022ab0958455d470e394318492cc7198.gcov.json.gz is included (gcov file)...
(DEBUG)   Filter AlwaysMatchFilter() matched.
(DEBUG) --> File is included.
(DEBUG) Check if /home/federico/Documents/Curso_Zephyr/taskworkspace/zephyr-course/app/modules/ring_buf/timeutil.c##022ab0958455d470e394318492cc7198.gcov.json.gz is included (trace)...
(DEBUG)   No filter matched.
(DEBUG) --> File is excluded.
(DEBUG) Check if /home/federico/Documents/Curso_Zephyr/taskworkspace/deps/zephyr/lib/utils/timeutil.c is included (source file)...
(DEBUG)   No filter matched.
(DEBUG) --> File is excluded.
(DEBUG) Check if /home/federico/Documents/Curso_Zephyr/taskworkspace/zephyr-course/twister-out/native_sim_native/host/homework.unit.ring_buf/zephyr/CMakeFiles/zephyr.dir/misc/generated/configs.c.gcda is included (trace)...
(DEBUG)   No filter matched.
(DEBUG) --> File is excluded.
(DEBUG) Check if /home/federico/Documents/Curso_Zephyr/taskworkspace/zephyr-course/twister-out/native_sim_native/host/homework.unit.ring_buf/zephyr/CMakeFiles/zephyr.dir/misc/generated/configs.c.gcda is included (trace)...
(DEBUG) --> File is excluded.
(DEBUG) Check if configs.c##08eb0b294bcae8f49b57a6c9c9da9f83.gcov.json.gz is included (gcov file)...
(DEBUG)   Filter AlwaysMatchFilter() matched.
(DEBUG) --> File is included.
(DEBUG) Check if /home/federico/Documents/Curso_Zephyr/taskworkspace/zephyr-course/app/modules/ring_buf/configs.c##08eb0b294bcae8f49b57a6c9c9da9f83.gcov.json.gz is included (trace)...
(DEBUG)   No filter matched.
(DEBUG) --> File is excluded.
(DEBUG) Check if /home/federico/Documents/Curso_Zephyr/taskworkspace/zephyr-course/twister-out/native_sim_native/host/homework.unit.ring_buf/zephyr/misc/generated/configs.c is included (source file)...
(DEBUG)   No filter matched.
(DEBUG) --> File is excluded.
(DEBUG) Check if /home/federico/Documents/Curso_Zephyr/taskworkspace/zephyr-course/twister-out/native_sim_native/host/homework.unit.ring_buf/zephyr/CMakeFiles/zephyr.dir/subsys/logging/backends/log_backend_native_posix.c.gcda is included (trace)...
(DEBUG)   No filter matched.
(DEBUG) --> File is excluded.
(DEBUG) Check if /home/federico/Documents/Curso_Zephyr/taskworkspace/zephyr-course/twister-out/native_sim_native/host/homework.unit.ring_buf/zephyr/CMakeFiles/zephyr.dir/subsys/logging/backends/log_backend_native_posix.c.gcda is included (trace)...
(DEBUG) --> File is excluded.
(DEBUG) Check if log_backend_native_posix.c##5662c4c8b963fab6a4d0503d42ad16e2.gcov.json.gz is included (gcov file)...
(DEBUG)   Filter AlwaysMatchFilter() matched.
(DEBUG) --> File is included.
(DEBUG) Check if /home/federico/Documents/Curso_Zephyr/taskworkspace/zephyr-course/app/modules/ring_buf/log_backend_native_posix.c##5662c4c8b963fab6a4d0503d42ad16e2.gcov.json.gz is included (trace)...
(DEBUG)   No filter matched.
(DEBUG) --> File is excluded.
(DEBUG) Check if /home/federico/Documents/Curso_Zephyr/taskworkspace/deps/zephyr/subsys/logging/backends/log_backend_native_posix.c is included (source file)...
(DEBUG)   No filter matched.
(DEBUG) --> File is excluded.
(DEBUG) Check if /home/federico/Documents/Curso_Zephyr/taskworkspace/deps/zephyr/include/zephyr/logging/log_backend_std.h is included (source file)...
(DEBUG)   No filter matched.
(DEBUG) --> File is excluded.
(DEBUG) Check if /home/federico/Documents/Curso_Zephyr/taskworkspace/deps/zephyr/include/zephyr/logging/log_output.h is included (source file)...
(DEBUG)   No filter matched.
(DEBUG) --> File is excluded.
(DEBUG) Check if /home/federico/Documents/Curso_Zephyr/taskworkspace/zephyr-course/twister-out/native_sim_native/host/homework.unit.ring_buf/zephyr/CMakeFiles/zephyr.dir/subsys/logging/log_cache.c.gcda is included (trace)...
(DEBUG)   No filter matched.
(DEBUG) --> File is excluded.
(DEBUG) Check if /home/federico/Documents/Curso_Zephyr/taskworkspace/zephyr-course/twister-out/native_sim_native/host/homework.unit.ring_buf/zephyr/CMakeFiles/zephyr.dir/subsys/logging/log_cache.c.gcda is included (trace)...
(DEBUG) --> File is excluded.
(DEBUG) Check if log_cache.c##7017f52081157ae4c2d4d6839a75d4d2.gcov.json.gz is included (gcov file)...
(DEBUG)   Filter AlwaysMatchFilter() matched.
(DEBUG) --> File is included.
(DEBUG) Check if /home/federico/Documents/Curso_Zephyr/taskworkspace/zephyr-course/app/modules/ring_buf/log_cache.c##7017f52081157ae4c2d4d6839a75d4d2.gcov.json.gz is included (trace)...
(DEBUG)   No filter matched.
(DEBUG) --> File is excluded.
(DEBUG) Check if /home/federico/Documents/Curso_Zephyr/taskworkspace/deps/zephyr/subsys/logging/log_cache.c is included (source file)...
(DEBUG)   No filter matched.
(DEBUG) --> File is excluded.
(DEBUG) Check if /home/federico/Documents/Curso_Zephyr/taskworkspace/deps/zephyr/include/zephyr/sys/slist.h is included (source file)...
(DEBUG)   No filter matched.
(DEBUG) --> File is excluded.
(DEBUG) Check if /home/federico/Documents/Curso_Zephyr/taskworkspace/zephyr-course/twister-out/native_sim_native/host/homework.unit.ring_buf/zephyr/CMakeFiles/zephyr.dir/subsys/logging/log_core.c.gcda is included (trace)...
(DEBUG)   No filter matched.
(DEBUG) --> File is excluded.
(DEBUG) Check if /home/federico/Documents/Curso_Zephyr/taskworkspace/zephyr-course/twister-out/native_sim_native/host/homework.unit.ring_buf/zephyr/CMakeFiles/zephyr.dir/subsys/logging/log_core.c.gcda is included (trace)...
(DEBUG) --> File is excluded.
(DEBUG) Check if log_core.c##9b922ca90ec9a3187c7316856772dbea.gcov.json.gz is included (gcov file)...
(DEBUG)   Filter AlwaysMatchFilter() matched.
(DEBUG) --> File is included.
(DEBUG) Check if /home/federico/Documents/Curso_Zephyr/taskworkspace/zephyr-course/app/modules/ring_buf/log_core.c##9b922ca90ec9a3187c7316856772dbea.gcov.json.gz is included (trace)...
(DEBUG)   No filter matched.
(DEBUG) --> File is excluded.
(DEBUG) Check if /home/federico/Documents/Curso_Zephyr/taskworkspace/deps/zephyr/subsys/logging/log_core.c is included (source file)...
(DEBUG)   No filter matched.
(DEBUG) --> File is excluded.
(DEBUG) Check if /home/federico/Documents/Curso_Zephyr/taskworkspace/zephyr-course/twister-out/native_sim_native/host/homework.unit.ring_buf/zephyr/include/generated/zephyr/syscalls/log_ctrl.h is included (source file)...
(DEBUG)   No filter matched.
(DEBUG) --> File is excluded.
(DEBUG) Check if /home/federico/Documents/Curso_Zephyr/taskworkspace/deps/zephyr/include/zephyr/logging/log_backend.h is included (source file)...
(DEBUG)   No filter matched.
(DEBUG) --> File is excluded.
(DEBUG) Check if /home/federico/Documents/Curso_Zephyr/taskworkspace/zephyr-course/twister-out/native_sim_native/host/homework.unit.ring_buf/zephyr/include/generated/zephyr/syscalls/kernel.h is included (source file)...
(DEBUG) --> File is excluded.
(DEBUG) Check if /home/federico/Documents/Curso_Zephyr/taskworkspace/deps/zephyr/include/zephyr/kernel.h is included (source file)...
(DEBUG) --> File is excluded.
(DEBUG) Check if /home/federico/Documents/Curso_Zephyr/taskworkspace/deps/zephyr/include/zephyr/spinlock.h is included (source file)...
(DEBUG) --> File is excluded.
(DEBUG) Check if /home/federico/Documents/Curso_Zephyr/taskworkspace/deps/zephyr/include/zephyr/logging/log_msg.h is included (source file)...
(DEBUG) --> File is excluded.
(DEBUG) Check if /home/federico/Documents/Curso_Zephyr/taskworkspace/deps/zephyr/include/zephyr/arch/posix/arch.h is included (source file)...
(DEBUG) --> File is excluded.
(DEBUG) Check if /home/federico/Documents/Curso_Zephyr/taskworkspace/deps/zephyr/include/zephyr/sys/atomic_builtin.h is included (source file)...
(DEBUG)   No filter matched.
(DEBUG) --> File is excluded.
(DEBUG) Check if /home/federico/Documents/Curso_Zephyr/taskworkspace/zephyr-course/twister-out/native_sim_native/host/homework.unit.ring_buf/zephyr/CMakeFiles/zephyr.dir/subsys/logging/log_mgmt.c.gcda is included (trace)...
(DEBUG)   No filter matched.
(DEBUG) --> File is excluded.
(DEBUG) Check if /home/federico/Documents/Curso_Zephyr/taskworkspace/zephyr-course/twister-out/native_sim_native/host/homework.unit.ring_buf/zephyr/CMakeFiles/zephyr.dir/subsys/logging/log_mgmt.c.gcda is included (trace)...
(DEBUG) --> File is excluded.
(DEBUG) Check if log_mgmt.c##3526c0397c6a44ad3c901a86365f7b74.gcov.json.gz is included (gcov file)...
(DEBUG)   Filter AlwaysMatchFilter() matched.
(DEBUG) --> File is included.
(DEBUG) Check if /home/federico/Documents/Curso_Zephyr/taskworkspace/zephyr-course/app/modules/ring_buf/log_mgmt.c##3526c0397c6a44ad3c901a86365f7b74.gcov.json.gz is included (trace)...
(DEBUG)   No filter matched.
(DEBUG) --> File is excluded.
(DEBUG) Check if /home/federico/Documents/Curso_Zephyr/taskworkspace/deps/zephyr/subsys/logging/log_mgmt.c is included (source file)...
(DEBUG)   No filter matched.
(DEBUG) --> File is excluded.
(DEBUG) Check if /home/federico/Documents/Curso_Zephyr/taskworkspace/deps/zephyr/include/zephyr/logging/log_link.h is included (source file)...
(DEBUG)   No filter matched.
(DEBUG) --> File is excluded.
(DEBUG) Check if /home/federico/Documents/Curso_Zephyr/taskworkspace/zephyr-course/twister-out/native_sim_native/host/homework.unit.ring_buf/zephyr/include/generated/zephyr/syscalls/log_ctrl.h is included (source file)...
(DEBUG) --> File is excluded.
(DEBUG) Check if /home/federico/Documents/Curso_Zephyr/taskworkspace/deps/zephyr/include/zephyr/logging/log_backend.h is included (source file)...
(DEBUG) --> File is excluded.
(DEBUG) Check if /home/federico/Documents/Curso_Zephyr/taskworkspace/deps/zephyr/include/zephyr/logging/log_internal.h is included (source file)...
(DEBUG)   No filter matched.
(DEBUG) --> File is excluded.
(DEBUG) Check if /home/federico/Documents/Curso_Zephyr/taskworkspace/deps/zephyr/include/zephyr/logging/log_core.h is included (source file)...
(DEBUG)   No filter matched.
(DEBUG) --> File is excluded.
(DEBUG) Check if /home/federico/Documents/Curso_Zephyr/taskworkspace/zephyr-course/twister-out/native_sim_native/host/homework.unit.ring_buf/zephyr/CMakeFiles/zephyr.dir/subsys/logging/log_msg.c.gcda is included (trace)...
(DEBUG)   No filter matched.
(DEBUG) --> File is excluded.
(DEBUG) Check if /home/federico/Documents/Curso_Zephyr/taskworkspace/zephyr-course/twister-out/native_sim_native/host/homework.unit.ring_buf/zephyr/CMakeFiles/zephyr.dir/subsys/logging/log_msg.c.gcda is included (trace)...
(DEBUG) --> File is excluded.
(DEBUG) Check if log_msg.c##c5d6ec09074e6f8515f6be535866f056.gcov.json.gz is included (gcov file)...
(DEBUG)   Filter AlwaysMatchFilter() matched.
(DEBUG) --> File is included.
(DEBUG) Check if /home/federico/Documents/Curso_Zephyr/taskworkspace/zephyr-course/app/modules/ring_buf/log_msg.c##c5d6ec09074e6f8515f6be535866f056.gcov.json.gz is included (trace)...
(DEBUG)   No filter matched.
(DEBUG) --> File is excluded.
(DEBUG) Check if /home/federico/Documents/Curso_Zephyr/taskworkspace/deps/zephyr/subsys/logging/log_msg.c is included (source file)...
(DEBUG)   No filter matched.
(DEBUG) --> File is excluded.
(DEBUG) Check if /home/federico/Documents/Curso_Zephyr/taskworkspace/deps/zephyr/include/zephyr/logging/log_internal.h is included (source file)...
(DEBUG) --> File is excluded.
(DEBUG) Check if /home/federico/Documents/Curso_Zephyr/taskworkspace/deps/zephyr/include/zephyr/logging/log_core.h is included (source file)...
(DEBUG) --> File is excluded.
(DEBUG) Check if /home/federico/Documents/Curso_Zephyr/taskworkspace/deps/zephyr/include/zephyr/logging/log_msg.h is included (source file)...
(DEBUG) --> File is excluded.
(DEBUG) Check if /home/federico/Documents/Curso_Zephyr/taskworkspace/deps/zephyr/include/zephyr/sys/cbprintf.h is included (source file)...
(DEBUG) --> File is excluded.
(DEBUG) Check if /home/federico/Documents/Curso_Zephyr/taskworkspace/zephyr-course/twister-out/native_sim_native/host/homework.unit.ring_buf/zephyr/CMakeFiles/zephyr.dir/subsys/logging/log_output.c.gcda is included (trace)...
(DEBUG)   No filter matched.
(DEBUG) --> File is excluded.
(DEBUG) Check if /home/federico/Documents/Curso_Zephyr/taskworkspace/zephyr-course/twister-out/native_sim_native/host/homework.unit.ring_buf/zephyr/CMakeFiles/zephyr.dir/subsys/logging/log_output.c.gcda is included (trace)...
(DEBUG) --> File is excluded.
(DEBUG) Check if log_output.c##e10967d930ebbd1be2f64072c5e121f8.gcov.json.gz is included (gcov file)...
(DEBUG)   Filter AlwaysMatchFilter() matched.
(DEBUG) --> File is included.
(DEBUG) Check if /home/federico/Documents/Curso_Zephyr/taskworkspace/zephyr-course/app/modules/ring_buf/log_output.c##e10967d930ebbd1be2f64072c5e121f8.gcov.json.gz is included (trace)...
(DEBUG)   No filter matched.
(DEBUG) --> File is excluded.
(DEBUG) Check if /home/federico/Documents/Curso_Zephyr/taskworkspace/deps/zephyr/subsys/logging/log_output.c is included (source file)...
(DEBUG)   No filter matched.
(DEBUG) --> File is excluded.
(DEBUG) Check if /home/federico/Documents/Curso_Zephyr/taskworkspace/deps/zephyr/include/zephyr/logging/log_output.h is included (source file)...
(DEBUG) --> File is excluded.
(DEBUG) Check if /home/federico/Documents/Curso_Zephyr/taskworkspace/deps/zephyr/include/zephyr/logging/log_msg.h is included (source file)...
(DEBUG) --> File is excluded.
(DEBUG) Check if /home/federico/Documents/Curso_Zephyr/taskworkspace/deps/zephyr/include/zephyr/sys/cbprintf.h is included (source file)...
(DEBUG) --> File is excluded.
(DEBUG) Check if /home/federico/Documents/Curso_Zephyr/taskworkspace/zephyr-course/twister-out/native_sim_native/host/homework.unit.ring_buf/zephyr/CMakeFiles/zephyr.dir/subsys/tracing/tracing_none.c.gcda is included (trace)...
(DEBUG)   No filter matched.
(DEBUG) --> File is excluded.
(DEBUG) Check if /home/federico/Documents/Curso_Zephyr/taskworkspace/zephyr-course/twister-out/native_sim_native/host/homework.unit.ring_buf/zephyr/CMakeFiles/zephyr.dir/subsys/tracing/tracing_none.c.gcda is included (trace)...
(DEBUG) --> File is excluded.
(DEBUG) Check if tracing_none.c##375563348240c122fba16aca3f64dc9d.gcov.json.gz is included (gcov file)...
(DEBUG)   Filter AlwaysMatchFilter() matched.
(DEBUG) --> File is included.
(DEBUG) Check if /home/federico/Documents/Curso_Zephyr/taskworkspace/zephyr-course/app/modules/ring_buf/tracing_none.c##375563348240c122fba16aca3f64dc9d.gcov.json.gz is included (trace)...
(DEBUG)   No filter matched.
(DEBUG) --> File is excluded.
(DEBUG) Check if /home/federico/Documents/Curso_Zephyr/taskworkspace/deps/zephyr/subsys/tracing/tracing_none.c is included (source file)...
(DEBUG)   No filter matched.
(DEBUG) --> File is excluded.
(DEBUG) Check if /home/federico/Documents/Curso_Zephyr/taskworkspace/zephyr-course/twister-out/native_sim_native/host/homework.unit.ring_buf/zephyr/CMakeFiles/zephyr_pre0.dir/misc/empty_file.c.gcno is included (trace)...
(DEBUG)   No filter matched.
(DEBUG) --> File is excluded.
(DEBUG) Check if /home/federico/Documents/Curso_Zephyr/taskworkspace/zephyr-course/twister-out/native_sim_native/host/homework.unit.ring_buf/zephyr/CMakeFiles/zephyr_pre0.dir/misc/empty_file.c.gcno is included (trace)...
(DEBUG) --> File is excluded.
(DEBUG) Check if empty_file.c##db1146e2958618dd839c5525348f91da.gcov.json.gz is included (gcov file)...
(DEBUG)   Filter AlwaysMatchFilter() matched.
(DEBUG) --> File is included.
(DEBUG) Check if /home/federico/Documents/Curso_Zephyr/taskworkspace/zephyr-course/app/modules/ring_buf/empty_file.c##db1146e2958618dd839c5525348f91da.gcov.json.gz is included (trace)...
(DEBUG)   No filter matched.
(DEBUG) --> File is excluded.
(DEBUG) Check if /home/federico/Documents/Curso_Zephyr/taskworkspace/zephyr-course/twister-out/native_sim_native/host/homework.unit.ring_buf/zephyr/NSI/common/src/main.gcda is included (trace)...
(DEBUG)   No filter matched.
(DEBUG) --> File is excluded.
(DEBUG) Check if /home/federico/Documents/Curso_Zephyr/taskworkspace/zephyr-course/twister-out/native_sim_native/host/homework.unit.ring_buf/zephyr/NSI/common/src/main.gcda is included (trace)...
(DEBUG) --> File is excluded.
(DEBUG) Check if main##72c73016b03981dbd0c1e885d2294432.gcov.json.gz is included (gcov file)...
(DEBUG)   Filter AlwaysMatchFilter() matched.
(DEBUG) --> File is included.
(DEBUG) Check if /home/federico/Documents/Curso_Zephyr/taskworkspace/zephyr-course/app/modules/ring_buf/main##72c73016b03981dbd0c1e885d2294432.gcov.json.gz is included (trace)...
(DEBUG)   No filter matched.
(DEBUG) --> File is excluded.
(DEBUG) Check if /home/federico/Documents/Curso_Zephyr/taskworkspace/deps/zephyr/scripts/native_simulator/common/src/main.c is included (source file)...
(DEBUG)   No filter matched.
(DEBUG) --> File is excluded.
(DEBUG) Check if /home/federico/Documents/Curso_Zephyr/taskworkspace/deps/zephyr/scripts/native_simulator/common/src/include/nsi_hw_scheduler.h is included (source file)...
(DEBUG)   No filter matched.
(DEBUG) --> File is excluded.
(DEBUG) Check if /home/federico/Documents/Curso_Zephyr/taskworkspace/zephyr-course/twister-out/native_sim_native/host/homework.unit.ring_buf/zephyr/NSI/common/src/nce.gcda is included (trace)...
(DEBUG)   No filter matched.
(DEBUG) --> File is excluded.
(DEBUG) Check if /home/federico/Documents/Curso_Zephyr/taskworkspace/zephyr-course/twister-out/native_sim_native/host/homework.unit.ring_buf/zephyr/NSI/common/src/nce.gcda is included (trace)...
(DEBUG) --> File is excluded.
(DEBUG) Check if nce##b5c35ed07288651846a957ba10e09be8.gcov.json.gz is included (gcov file)...
(DEBUG)   Filter AlwaysMatchFilter() matched.
(DEBUG) --> File is included.
(DEBUG) Check if /home/federico/Documents/Curso_Zephyr/taskworkspace/zephyr-course/app/modules/ring_buf/nce##b5c35ed07288651846a957ba10e09be8.gcov.json.gz is included (trace)...
(DEBUG)   No filter matched.
(DEBUG) --> File is excluded.
(DEBUG) Check if /home/federico/Documents/Curso_Zephyr/taskworkspace/deps/zephyr/scripts/native_simulator/common/src/nce.c is included (source file)...
(DEBUG)   No filter matched.
(DEBUG) --> File is excluded.
(DEBUG) Check if /home/federico/Documents/Curso_Zephyr/taskworkspace/deps/zephyr/scripts/native_simulator/common/src/nsi_safe_call.h is included (source file)...
(DEBUG)   No filter matched.
(DEBUG) --> File is excluded.
(DEBUG) Check if /home/federico/Documents/Curso_Zephyr/taskworkspace/zephyr-course/twister-out/native_sim_native/host/homework.unit.ring_buf/zephyr/NSI/common/src/nct.gcda is included (trace)...
(DEBUG)   No filter matched.
(DEBUG) --> File is excluded.
(DEBUG) Check if /home/federico/Documents/Curso_Zephyr/taskworkspace/zephyr-course/twister-out/native_sim_native/host/homework.unit.ring_buf/zephyr/NSI/common/src/nct.gcda is included (trace)...
(DEBUG) --> File is excluded.
(DEBUG) Check if nct##854084aa752f9753565972a6a0879d14.gcov.json.gz is included (gcov file)...
(DEBUG)   Filter AlwaysMatchFilter() matched.
(DEBUG) --> File is included.
(DEBUG) Check if /home/federico/Documents/Curso_Zephyr/taskworkspace/zephyr-course/app/modules/ring_buf/nct##854084aa752f9753565972a6a0879d14.gcov.json.gz is included (trace)...
(DEBUG)   No filter matched.
(DEBUG) --> File is excluded.
(DEBUG) Check if /home/federico/Documents/Curso_Zephyr/taskworkspace/deps/zephyr/scripts/native_simulator/common/src/nct.c is included (source file)...
(DEBUG)   No filter matched.
(DEBUG) --> File is excluded.
(DEBUG) Check if /home/federico/Documents/Curso_Zephyr/taskworkspace/deps/zephyr/scripts/native_simulator/common/src/nsi_safe_call.h is included (source file)...
(DEBUG) --> File is excluded.
(DEBUG) Check if /home/federico/Documents/Curso_Zephyr/taskworkspace/zephyr-course/twister-out/native_sim_native/host/homework.unit.ring_buf/zephyr/NSI/common/src/nsi_cpu_ctrl.gcda is included (trace)...
(DEBUG)   No filter matched.
(DEBUG) --> File is excluded.
(DEBUG) Check if /home/federico/Documents/Curso_Zephyr/taskworkspace/zephyr-course/twister-out/native_sim_native/host/homework.unit.ring_buf/zephyr/NSI/common/src/nsi_cpu_ctrl.gcda is included (trace)...
(DEBUG) --> File is excluded.
(DEBUG) Check if nsi_cpu_ctrl##f9d34f55c35142db4f1a6ea6a4fdf22e.gcov.json.gz is included (gcov file)...
(DEBUG)   Filter AlwaysMatchFilter() matched.
(DEBUG) --> File is included.
(DEBUG) Check if /home/federico/Documents/Curso_Zephyr/taskworkspace/zephyr-course/app/modules/ring_buf/nsi_cpu_ctrl##f9d34f55c35142db4f1a6ea6a4fdf22e.gcov.json.gz is included (trace)...
(DEBUG)   No filter matched.
(DEBUG) --> File is excluded.
(DEBUG) Check if /home/federico/Documents/Curso_Zephyr/taskworkspace/deps/zephyr/scripts/native_simulator/common/src/nsi_cpu_ctrl.c is included (source file)...
(DEBUG)   No filter matched.
(DEBUG) --> File is excluded.
(DEBUG) Check if /home/federico/Documents/Curso_Zephyr/taskworkspace/zephyr-course/twister-out/native_sim_native/host/homework.unit.ring_buf/zephyr/NSI/common/src/nsi_cpun_if.gcda is included (trace)...
(DEBUG)   No filter matched.
(DEBUG) --> File is excluded.
(DEBUG) Check if /home/federico/Documents/Curso_Zephyr/taskworkspace/zephyr-course/twister-out/native_sim_native/host/homework.unit.ring_buf/zephyr/NSI/common/src/nsi_cpun_if.gcda is included (trace)...
(DEBUG) --> File is excluded.
(DEBUG) Check if nsi_cpun_if##fc360740da576c58f6a06eb77a82be4e.gcov.json.gz is included (gcov file)...
(DEBUG)   Filter AlwaysMatchFilter() matched.
(DEBUG) --> File is included.
(DEBUG) Check if /home/federico/Documents/Curso_Zephyr/taskworkspace/zephyr-course/app/modules/ring_buf/nsi_cpun_if##fc360740da576c58f6a06eb77a82be4e.gcov.json.gz is included (trace)...
(DEBUG)   No filter matched.
(DEBUG) --> File is excluded.
(DEBUG) Check if /home/federico/Documents/Curso_Zephyr/taskworkspace/deps/zephyr/scripts/native_simulator/common/src/nsi_cpun_if.c is included (source file)...
(DEBUG)   No filter matched.
(DEBUG) --> File is excluded.
(DEBUG) Check if /home/federico/Documents/Curso_Zephyr/taskworkspace/zephyr-course/twister-out/native_sim_native/host/homework.unit.ring_buf/zephyr/NSI/common/src/nsi_errno.gcda is included (trace)...
(DEBUG)   No filter matched.
(DEBUG) --> File is excluded.
(DEBUG) Check if /home/federico/Documents/Curso_Zephyr/taskworkspace/zephyr-course/twister-out/native_sim_native/host/homework.unit.ring_buf/zephyr/NSI/common/src/nsi_errno.gcda is included (trace)...
(DEBUG) --> File is excluded.
(DEBUG) Check if nsi_errno##ba3fee8a6868ff907597e8acaa6b227c.gcov.json.gz is included (gcov file)...
(DEBUG)   Filter AlwaysMatchFilter() matched.
(DEBUG) --> File is included.
(DEBUG) Check if /home/federico/Documents/Curso_Zephyr/taskworkspace/zephyr-course/app/modules/ring_buf/nsi_errno##ba3fee8a6868ff907597e8acaa6b227c.gcov.json.gz is included (trace)...
(DEBUG)   No filter matched.
(DEBUG) --> File is excluded.
(DEBUG) Check if /home/federico/Documents/Curso_Zephyr/taskworkspace/deps/zephyr/scripts/native_simulator/common/src/nsi_errno.c is included (source file)...
(DEBUG)   No filter matched.
(DEBUG) --> File is excluded.
(DEBUG) Check if /home/federico/Documents/Curso_Zephyr/taskworkspace/zephyr-course/twister-out/native_sim_native/host/homework.unit.ring_buf/zephyr/NSI/common/src/nsi_host_trampolines.gcda is included (trace)...
(DEBUG)   No filter matched.
(DEBUG) --> File is excluded.
(DEBUG) Check if /home/federico/Documents/Curso_Zephyr/taskworkspace/zephyr-course/twister-out/native_sim_native/host/homework.unit.ring_buf/zephyr/NSI/common/src/nsi_host_trampolines.gcda is included (trace)...
(DEBUG) --> File is excluded.
(DEBUG) Check if nsi_host_trampolines##3c0b333cc0ecbe36c499bab1f61be129.gcov.json.gz is included (gcov file)...
(DEBUG)   Filter AlwaysMatchFilter() matched.
(DEBUG) --> File is included.
(DEBUG) Check if /home/federico/Documents/Curso_Zephyr/taskworkspace/zephyr-course/app/modules/ring_buf/nsi_host_trampolines##3c0b333cc0ecbe36c499bab1f61be129.gcov.json.gz is included (trace)...
(DEBUG)   No filter matched.
(DEBUG) --> File is excluded.
(DEBUG) Check if /home/federico/Documents/Curso_Zephyr/taskworkspace/deps/zephyr/scripts/native_simulator/common/src/nsi_host_trampolines.c is included (source file)...
(DEBUG)   No filter matched.
(DEBUG) --> File is excluded.
(DEBUG) Check if /home/federico/Documents/Curso_Zephyr/taskworkspace/zephyr-course/twister-out/native_sim_native/host/homework.unit.ring_buf/zephyr/NSI/common/src/nsi_hw_scheduler.gcda is included (trace)...
(DEBUG)   No filter matched.
(DEBUG) --> File is excluded.
(DEBUG) Check if /home/federico/Documents/Curso_Zephyr/taskworkspace/zephyr-course/twister-out/native_sim_native/host/homework.unit.ring_buf/zephyr/NSI/common/src/nsi_hw_scheduler.gcda is included (trace)...
(DEBUG) --> File is excluded.
(DEBUG) Check if nsi_hw_scheduler##d8020b41d57f8c399370f13dba3654e5.gcov.json.gz is included (gcov file)...
(DEBUG)   Filter AlwaysMatchFilter() matched.
(DEBUG) --> File is included.
(DEBUG) Check if /home/federico/Documents/Curso_Zephyr/taskworkspace/zephyr-course/app/modules/ring_buf/nsi_hw_scheduler##d8020b41d57f8c399370f13dba3654e5.gcov.json.gz is included (trace)...
(DEBUG)   No filter matched.
(DEBUG) --> File is excluded.
(DEBUG) Check if /home/federico/Documents/Curso_Zephyr/taskworkspace/deps/zephyr/scripts/native_simulator/common/src/nsi_hw_scheduler.c is included (source file)...
(DEBUG)   No filter matched.
(DEBUG) --> File is excluded.
(DEBUG) Check if /home/federico/Documents/Curso_Zephyr/taskworkspace/deps/zephyr/scripts/native_simulator/common/src/nsi_safe_call.h is included (source file)...
(DEBUG) --> File is excluded.
(DEBUG) Check if /home/federico/Documents/Curso_Zephyr/taskworkspace/zephyr-course/twister-out/native_sim_native/host/homework.unit.ring_buf/zephyr/NSI/common/src/nsi_tasks.gcda is included (trace)...
(DEBUG)   No filter matched.
(DEBUG) --> File is excluded.
(DEBUG) Check if /home/federico/Documents/Curso_Zephyr/taskworkspace/zephyr-course/twister-out/native_sim_native/host/homework.unit.ring_buf/zephyr/NSI/common/src/nsi_tasks.gcda is included (trace)...
(DEBUG) --> File is excluded.
(DEBUG) Check if nsi_tasks##ad1980edac8924397d9232e43c08f9fa.gcov.json.gz is included (gcov file)...
(DEBUG)   Filter AlwaysMatchFilter() matched.
(DEBUG) --> File is included.
(DEBUG) Check if /home/federico/Documents/Curso_Zephyr/taskworkspace/zephyr-course/app/modules/ring_buf/nsi_tasks##ad1980edac8924397d9232e43c08f9fa.gcov.json.gz is included (trace)...
(DEBUG)   No filter matched.
(DEBUG) --> File is excluded.
(DEBUG) Check if /home/federico/Documents/Curso_Zephyr/taskworkspace/deps/zephyr/scripts/native_simulator/common/src/nsi_tasks.c is included (source file)...
(DEBUG)   No filter matched.
(DEBUG) --> File is excluded.
(DEBUG) Check if /home/federico/Documents/Curso_Zephyr/taskworkspace/zephyr-course/twister-out/native_sim_native/host/homework.unit.ring_buf/zephyr/NSI/common/src/nsi_trace_varg.gcda is included (trace)...
(DEBUG)   No filter matched.
(DEBUG) --> File is excluded.
(DEBUG) Check if /home/federico/Documents/Curso_Zephyr/taskworkspace/zephyr-course/twister-out/native_sim_native/host/homework.unit.ring_buf/zephyr/NSI/common/src/nsi_trace_varg.gcda is included (trace)...
(DEBUG) --> File is excluded.
(DEBUG) Check if nsi_trace_varg##1c1816f842508f25c2506eba309a1db2.gcov.json.gz is included (gcov file)...
(DEBUG)   Filter AlwaysMatchFilter() matched.
(DEBUG) --> File is included.
(DEBUG) Check if /home/federico/Documents/Curso_Zephyr/taskworkspace/zephyr-course/app/modules/ring_buf/nsi_trace_varg##1c1816f842508f25c2506eba309a1db2.gcov.json.gz is included (trace)...
(DEBUG)   No filter matched.
(DEBUG) --> File is excluded.
(DEBUG) Check if /home/federico/Documents/Curso_Zephyr/taskworkspace/deps/zephyr/scripts/native_simulator/common/src/nsi_trace_varg.c is included (source file)...
(DEBUG)   No filter matched.
(DEBUG) --> File is excluded.
(DEBUG) Check if /home/federico/Documents/Curso_Zephyr/taskworkspace/zephyr-course/twister-out/native_sim_native/host/homework.unit.ring_buf/zephyr/NSI/common/src/nsi_weak_stubs.gcda is included (trace)...
(DEBUG)   No filter matched.
(DEBUG) --> File is excluded.
(DEBUG) Check if /home/federico/Documents/Curso_Zephyr/taskworkspace/zephyr-course/twister-out/native_sim_native/host/homework.unit.ring_buf/zephyr/NSI/common/src/nsi_weak_stubs.gcda is included (trace)...
(DEBUG) --> File is excluded.
(DEBUG) Check if nsi_weak_stubs##6940fd36f227c30dec6eb02af4f89121.gcov.json.gz is included (gcov file)...
(DEBUG)   Filter AlwaysMatchFilter() matched.
(DEBUG) --> File is included.
(DEBUG) Check if /home/federico/Documents/Curso_Zephyr/taskworkspace/zephyr-course/app/modules/ring_buf/nsi_weak_stubs##6940fd36f227c30dec6eb02af4f89121.gcov.json.gz is included (trace)...
(DEBUG)   No filter matched.
(DEBUG) --> File is excluded.
(DEBUG) Check if /home/federico/Documents/Curso_Zephyr/taskworkspace/deps/zephyr/scripts/native_simulator/common/src/nsi_weak_stubs.c is included (source file)...
(DEBUG)   No filter matched.
(DEBUG) --> File is excluded.
(DEBUG) Check if /home/federico/Documents/Curso_Zephyr/taskworkspace/zephyr-course/twister-out/native_sim_native/host/homework.unit.ring_buf/zephyr/NSI/native/src/hw_counter.gcda is included (trace)...
(DEBUG)   No filter matched.
(DEBUG) --> File is excluded.
(DEBUG) Check if /home/federico/Documents/Curso_Zephyr/taskworkspace/zephyr-course/twister-out/native_sim_native/host/homework.unit.ring_buf/zephyr/NSI/native/src/hw_counter.gcda is included (trace)...
(DEBUG) --> File is excluded.
(DEBUG) Check if hw_counter##60931a6431afba1b9d4c467997bceb18.gcov.json.gz is included (gcov file)...
(DEBUG)   Filter AlwaysMatchFilter() matched.
(DEBUG) --> File is included.
(DEBUG) Check if /home/federico/Documents/Curso_Zephyr/taskworkspace/zephyr-course/app/modules/ring_buf/hw_counter##60931a6431afba1b9d4c467997bceb18.gcov.json.gz is included (trace)...
(DEBUG)   No filter matched.
(DEBUG) --> File is excluded.
(DEBUG) Check if /home/federico/Documents/Curso_Zephyr/taskworkspace/deps/zephyr/scripts/native_simulator/native/src/hw_counter.c is included (source file)...
(DEBUG)   No filter matched.
(DEBUG) --> File is excluded.
(DEBUG) Check if /home/federico/Documents/Curso_Zephyr/taskworkspace/deps/zephyr/scripts/native_simulator/common/src/include/nsi_hw_scheduler.h is included (source file)...
(DEBUG) --> File is excluded.
(DEBUG) Check if /home/federico/Documents/Curso_Zephyr/taskworkspace/zephyr-course/twister-out/native_sim_native/host/homework.unit.ring_buf/zephyr/NSI/native/src/irq_ctrl.gcda is included (trace)...
(DEBUG)   No filter matched.
(DEBUG) --> File is excluded.
(DEBUG) Check if /home/federico/Documents/Curso_Zephyr/taskworkspace/zephyr-course/twister-out/native_sim_native/host/homework.unit.ring_buf/zephyr/NSI/native/src/irq_ctrl.gcda is included (trace)...
(DEBUG) --> File is excluded.
(DEBUG) Check if irq_ctrl##45fcfcba0854e85e7bb2cdb671b3b9ad.gcov.json.gz is included (gcov file)...
(DEBUG)   Filter AlwaysMatchFilter() matched.
(DEBUG) --> File is included.
(DEBUG) Check if /home/federico/Documents/Curso_Zephyr/taskworkspace/zephyr-course/app/modules/ring_buf/irq_ctrl##45fcfcba0854e85e7bb2cdb671b3b9ad.gcov.json.gz is included (trace)...
(DEBUG)   No filter matched.
(DEBUG) --> File is excluded.
(DEBUG) Check if /home/federico/Documents/Curso_Zephyr/taskworkspace/deps/zephyr/scripts/native_simulator/native/src/irq_ctrl.c is included (source file)...
(DEBUG)   No filter matched.
(DEBUG) --> File is excluded.
(DEBUG) Check if /home/federico/Documents/Curso_Zephyr/taskworkspace/deps/zephyr/scripts/native_simulator/common/src/include/nsi_hw_scheduler.h is included (source file)...
(DEBUG) --> File is excluded.
(DEBUG) Check if /home/federico/Documents/Curso_Zephyr/taskworkspace/deps/zephyr/scripts/native_simulator/common/src/nsi_internal.h is included (source file)...
(DEBUG)   No filter matched.
(DEBUG) --> File is excluded.
(DEBUG) Check if /home/federico/Documents/Curso_Zephyr/taskworkspace/zephyr-course/twister-out/native_sim_native/host/homework.unit.ring_buf/zephyr/NSI/native/src/native_rtc.gcda is included (trace)...
(DEBUG)   No filter matched.
(DEBUG) --> File is excluded.
(DEBUG) Check if /home/federico/Documents/Curso_Zephyr/taskworkspace/zephyr-course/twister-out/native_sim_native/host/homework.unit.ring_buf/zephyr/NSI/native/src/native_rtc.gcda is included (trace)...
(DEBUG) --> File is excluded.
(DEBUG) Check if native_rtc##448f4ab89c6277a944808ce0a238ecbf.gcov.json.gz is included (gcov file)...
(DEBUG)   Filter AlwaysMatchFilter() matched.
(DEBUG) --> File is included.
(DEBUG) Check if /home/federico/Documents/Curso_Zephyr/taskworkspace/zephyr-course/app/modules/ring_buf/native_rtc##448f4ab89c6277a944808ce0a238ecbf.gcov.json.gz is included (trace)...
(DEBUG)   No filter matched.
(DEBUG) --> File is excluded.
(DEBUG) Check if /home/federico/Documents/Curso_Zephyr/taskworkspace/deps/zephyr/scripts/native_simulator/native/src/native_rtc.c is included (source file)...
(DEBUG)   No filter matched.
(DEBUG) --> File is excluded.
(DEBUG) Check if /home/federico/Documents/Curso_Zephyr/taskworkspace/deps/zephyr/scripts/native_simulator/common/src/include/nsi_hw_scheduler.h is included (source file)...
(DEBUG) --> File is excluded.
(DEBUG) Check if /home/federico/Documents/Curso_Zephyr/taskworkspace/zephyr-course/twister-out/native_sim_native/host/homework.unit.ring_buf/zephyr/NSI/native/src/nsi_cmdline.gcda is included (trace)...
(DEBUG)   No filter matched.
(DEBUG) --> File is excluded.
(DEBUG) Check if /home/federico/Documents/Curso_Zephyr/taskworkspace/zephyr-course/twister-out/native_sim_native/host/homework.unit.ring_buf/zephyr/NSI/native/src/nsi_cmdline.gcda is included (trace)...
(DEBUG) --> File is excluded.
(DEBUG) Check if nsi_cmdline##cffc1d8bda875837d3daa6bd81197ca6.gcov.json.gz is included (gcov file)...
(DEBUG)   Filter AlwaysMatchFilter() matched.
(DEBUG) --> File is included.
(DEBUG) Check if /home/federico/Documents/Curso_Zephyr/taskworkspace/zephyr-course/app/modules/ring_buf/nsi_cmdline##cffc1d8bda875837d3daa6bd81197ca6.gcov.json.gz is included (trace)...
(DEBUG)   No filter matched.
(DEBUG) --> File is excluded.
(DEBUG) Check if /home/federico/Documents/Curso_Zephyr/taskworkspace/deps/zephyr/scripts/native_simulator/native/src/nsi_cmdline.c is included (source file)...
(DEBUG)   No filter matched.
(DEBUG) --> File is excluded.
(DEBUG) Check if /home/federico/Documents/Curso_Zephyr/taskworkspace/zephyr-course/twister-out/native_sim_native/host/homework.unit.ring_buf/zephyr/NSI/native/src/nsi_cmdline_common.gcda is included (trace)...
(DEBUG)   No filter matched.
(DEBUG) --> File is excluded.
(DEBUG) Check if /home/federico/Documents/Curso_Zephyr/taskworkspace/zephyr-course/twister-out/native_sim_native/host/homework.unit.ring_buf/zephyr/NSI/native/src/nsi_cmdline_common.gcda is included (trace)...
(DEBUG) --> File is excluded.
(DEBUG) Check if nsi_cmdline_common##906430dfa5bce2d33a7e37d54ba53f73.gcov.json.gz is included (gcov file)...
(DEBUG)   Filter AlwaysMatchFilter() matched.
(DEBUG) --> File is included.
(DEBUG) Check if /home/federico/Documents/Curso_Zephyr/taskworkspace/zephyr-course/app/modules/ring_buf/nsi_cmdline_common##906430dfa5bce2d33a7e37d54ba53f73.gcov.json.gz is included (trace)...
(DEBUG)   No filter matched.
(DEBUG) --> File is excluded.
(DEBUG) Check if /home/federico/Documents/Curso_Zephyr/taskworkspace/deps/zephyr/scripts/native_simulator/native/src/nsi_cmdline_common.c is included (source file)...
(DEBUG)   No filter matched.
(DEBUG) --> File is excluded.
(DEBUG) Check if /home/federico/Documents/Curso_Zephyr/taskworkspace/zephyr-course/twister-out/native_sim_native/host/homework.unit.ring_buf/zephyr/NSI/native/src/nsi_trace.gcda is included (trace)...
(DEBUG)   No filter matched.
(DEBUG) --> File is excluded.
(DEBUG) Check if /home/federico/Documents/Curso_Zephyr/taskworkspace/zephyr-course/twister-out/native_sim_native/host/homework.unit.ring_buf/zephyr/NSI/native/src/nsi_trace.gcda is included (trace)...
(DEBUG) --> File is excluded.
(DEBUG) Check if nsi_trace##3599f95f1393c00bb4e4f51b720a8062.gcov.json.gz is included (gcov file)...
(DEBUG)   Filter AlwaysMatchFilter() matched.
(DEBUG) --> File is included.
(DEBUG) Check if /home/federico/Documents/Curso_Zephyr/taskworkspace/zephyr-course/app/modules/ring_buf/nsi_trace##3599f95f1393c00bb4e4f51b720a8062.gcov.json.gz is included (trace)...
(DEBUG)   No filter matched.
(DEBUG) --> File is excluded.
(DEBUG) Check if /home/federico/Documents/Curso_Zephyr/taskworkspace/deps/zephyr/scripts/native_simulator/native/src/nsi_trace.c is included (source file)...
(DEBUG)   No filter matched.
(DEBUG) --> File is excluded.
(DEBUG) Check if /home/federico/Documents/Curso_Zephyr/taskworkspace/zephyr-course/twister-out/native_sim_native/host/homework.unit.ring_buf/zephyr/NSI/native/src/timer_model.gcda is included (trace)...
(DEBUG)   No filter matched.
(DEBUG) --> File is excluded.
(DEBUG) Check if /home/federico/Documents/Curso_Zephyr/taskworkspace/zephyr-course/twister-out/native_sim_native/host/homework.unit.ring_buf/zephyr/NSI/native/src/timer_model.gcda is included (trace)...
(DEBUG) --> File is excluded.
(DEBUG) Check if timer_model##75685fa9f44bf8286e211f73431e169f.gcov.json.gz is included (gcov file)...
(DEBUG)   Filter AlwaysMatchFilter() matched.
(DEBUG) --> File is included.
(DEBUG) Check if /home/federico/Documents/Curso_Zephyr/taskworkspace/zephyr-course/app/modules/ring_buf/timer_model##75685fa9f44bf8286e211f73431e169f.gcov.json.gz is included (trace)...
(DEBUG)   No filter matched.
(DEBUG) --> File is excluded.
(DEBUG) Check if /home/federico/Documents/Curso_Zephyr/taskworkspace/deps/zephyr/scripts/native_simulator/native/src/timer_model.c is included (source file)...
(DEBUG)   No filter matched.
(DEBUG) --> File is excluded.
(DEBUG) Check if /home/federico/Documents/Curso_Zephyr/taskworkspace/deps/zephyr/scripts/native_simulator/common/src/include/nsi_hw_scheduler.h is included (source file)...
(DEBUG) --> File is excluded.
(DEBUG) Check if /home/federico/Documents/Curso_Zephyr/taskworkspace/zephyr-course/twister-out/native_sim_native/host/homework.unit.ring_buf/zephyr/arch/arch/posix/core/CMakeFiles/arch__posix__core.dir/cpuhalt.c.gcda is included (trace)...
(DEBUG)   No filter matched.
(DEBUG) --> File is excluded.
(DEBUG) Check if /home/federico/Documents/Curso_Zephyr/taskworkspace/zephyr-course/twister-out/native_sim_native/host/homework.unit.ring_buf/zephyr/arch/arch/posix/core/CMakeFiles/arch__posix__core.dir/cpuhalt.c.gcda is included (trace)...
(DEBUG) --> File is excluded.
(DEBUG) Check if cpuhalt.c##ec4fe96c730464d3259c44b8212d2648.gcov.json.gz is included (gcov file)...
(DEBUG)   Filter AlwaysMatchFilter() matched.
(DEBUG) --> File is included.
(DEBUG) Check if /home/federico/Documents/Curso_Zephyr/taskworkspace/zephyr-course/app/modules/ring_buf/cpuhalt.c##ec4fe96c730464d3259c44b8212d2648.gcov.json.gz is included (trace)...
(DEBUG)   No filter matched.
(DEBUG) --> File is excluded.
(DEBUG) Check if /home/federico/Documents/Curso_Zephyr/taskworkspace/deps/zephyr/arch/posix/core/cpuhalt.c is included (source file)...
(DEBUG)   No filter matched.
(DEBUG) --> File is excluded.
(DEBUG) Check if /home/federico/Documents/Curso_Zephyr/taskworkspace/zephyr-course/twister-out/native_sim_native/host/homework.unit.ring_buf/zephyr/arch/arch/posix/core/CMakeFiles/arch__posix__core.dir/fatal.c.gcda is included (trace)...
(DEBUG)   No filter matched.
(DEBUG) --> File is excluded.
(DEBUG) Check if /home/federico/Documents/Curso_Zephyr/taskworkspace/zephyr-course/twister-out/native_sim_native/host/homework.unit.ring_buf/zephyr/arch/arch/posix/core/CMakeFiles/arch__posix__core.dir/fatal.c.gcda is included (trace)...
(DEBUG) --> File is excluded.
(DEBUG) Check if fatal.c##234efcc4593c578eb68dcaf367a7b9fb.gcov.json.gz is included (gcov file)...
(DEBUG)   Filter AlwaysMatchFilter() matched.
(DEBUG) --> File is included.
(DEBUG) Check if /home/federico/Documents/Curso_Zephyr/taskworkspace/zephyr-course/app/modules/ring_buf/fatal.c##234efcc4593c578eb68dcaf367a7b9fb.gcov.json.gz is included (trace)...
(DEBUG)   No filter matched.
(DEBUG) --> File is excluded.
(DEBUG) Check if /home/federico/Documents/Curso_Zephyr/taskworkspace/deps/zephyr/arch/posix/core/fatal.c is included (source file)...
(DEBUG)   No filter matched.
(DEBUG) --> File is excluded.
(DEBUG) Check if /home/federico/Documents/Curso_Zephyr/taskworkspace/zephyr-course/twister-out/native_sim_native/host/homework.unit.ring_buf/zephyr/arch/arch/posix/core/CMakeFiles/arch__posix__core.dir/irq.c.gcda is included (trace)...
(DEBUG)   No filter matched.
(DEBUG) --> File is excluded.
(DEBUG) Check if /home/federico/Documents/Curso_Zephyr/taskworkspace/zephyr-course/twister-out/native_sim_native/host/homework.unit.ring_buf/zephyr/arch/arch/posix/core/CMakeFiles/arch__posix__core.dir/irq.c.gcda is included (trace)...
(DEBUG) --> File is excluded.
(DEBUG) Check if irq.c##7a4220e9fe1e2c59d918bbebcd97b4b9.gcov.json.gz is included (gcov file)...
(DEBUG)   Filter AlwaysMatchFilter() matched.
(DEBUG) --> File is included.
(DEBUG) Check if /home/federico/Documents/Curso_Zephyr/taskworkspace/zephyr-course/app/modules/ring_buf/irq.c##7a4220e9fe1e2c59d918bbebcd97b4b9.gcov.json.gz is included (trace)...
(DEBUG)   No filter matched.
(DEBUG) --> File is excluded.
(DEBUG) Check if /home/federico/Documents/Curso_Zephyr/taskworkspace/deps/zephyr/arch/posix/core/irq.c is included (source file)...
(DEBUG)   No filter matched.
(DEBUG) --> File is excluded.
(DEBUG) Check if /home/federico/Documents/Curso_Zephyr/taskworkspace/zephyr-course/twister-out/native_sim_native/host/homework.unit.ring_buf/zephyr/arch/arch/posix/core/CMakeFiles/arch__posix__core.dir/posix_core_nsi.c.gcda is included (trace)...
(DEBUG)   No filter matched.
(DEBUG) --> File is excluded.
(DEBUG) Check if /home/federico/Documents/Curso_Zephyr/taskworkspace/zephyr-course/twister-out/native_sim_native/host/homework.unit.ring_buf/zephyr/arch/arch/posix/core/CMakeFiles/arch__posix__core.dir/posix_core_nsi.c.gcda is included (trace)...
(DEBUG) --> File is excluded.
(DEBUG) Check if posix_core_nsi.c##1c544b0f58b56f5d9f6599d659b375fc.gcov.json.gz is included (gcov file)...
(DEBUG)   Filter AlwaysMatchFilter() matched.
(DEBUG) --> File is included.
(DEBUG) Check if /home/federico/Documents/Curso_Zephyr/taskworkspace/zephyr-course/app/modules/ring_buf/posix_core_nsi.c##1c544b0f58b56f5d9f6599d659b375fc.gcov.json.gz is included (trace)...
(DEBUG)   No filter matched.
(DEBUG) --> File is excluded.
(DEBUG) Check if /home/federico/Documents/Curso_Zephyr/taskworkspace/deps/zephyr/arch/posix/core/posix_core_nsi.c is included (source file)...
(DEBUG)   No filter matched.
(DEBUG) --> File is excluded.
(DEBUG) Check if /home/federico/Documents/Curso_Zephyr/taskworkspace/zephyr-course/twister-out/native_sim_native/host/homework.unit.ring_buf/zephyr/arch/arch/posix/core/CMakeFiles/arch__posix__core.dir/swap.c.gcda is included (trace)...
(DEBUG)   No filter matched.
(DEBUG) --> File is excluded.
(DEBUG) Check if /home/federico/Documents/Curso_Zephyr/taskworkspace/zephyr-course/twister-out/native_sim_native/host/homework.unit.ring_buf/zephyr/arch/arch/posix/core/CMakeFiles/arch__posix__core.dir/swap.c.gcda is included (trace)...
(DEBUG) --> File is excluded.
(DEBUG) Check if swap.c##527ece27f767ae8b0865f87237089b18.gcov.json.gz is included (gcov file)...
(DEBUG)   Filter AlwaysMatchFilter() matched.
(DEBUG) --> File is included.
(DEBUG) Check if /home/federico/Documents/Curso_Zephyr/taskworkspace/zephyr-course/app/modules/ring_buf/swap.c##527ece27f767ae8b0865f87237089b18.gcov.json.gz is included (trace)...
(DEBUG)   No filter matched.
(DEBUG) --> File is excluded.
(DEBUG) Check if /home/federico/Documents/Curso_Zephyr/taskworkspace/deps/zephyr/arch/posix/core/swap.c is included (source file)...
(DEBUG)   No filter matched.
(DEBUG) --> File is excluded.
(DEBUG) Check if /home/federico/Documents/Curso_Zephyr/taskworkspace/deps/zephyr/include/zephyr/arch/posix/arch.h is included (source file)...
(DEBUG) --> File is excluded.
(DEBUG) Check if /home/federico/Documents/Curso_Zephyr/taskworkspace/zephyr-course/twister-out/native_sim_native/host/homework.unit.ring_buf/zephyr/arch/arch/posix/core/CMakeFiles/arch__posix__core.dir/thread.c.gcda is included (trace)...
(DEBUG)   No filter matched.
(DEBUG) --> File is excluded.
(DEBUG) Check if /home/federico/Documents/Curso_Zephyr/taskworkspace/zephyr-course/twister-out/native_sim_native/host/homework.unit.ring_buf/zephyr/arch/arch/posix/core/CMakeFiles/arch__posix__core.dir/thread.c.gcda is included (trace)...
(DEBUG) --> File is excluded.
(DEBUG) Check if thread.c##9d47fe7237bc96bc807bf8f3f9c725a4.gcov.json.gz is included (gcov file)...
(DEBUG)   Filter AlwaysMatchFilter() matched.
(DEBUG) --> File is included.
(DEBUG) Check if /home/federico/Documents/Curso_Zephyr/taskworkspace/zephyr-course/app/modules/ring_buf/thread.c##9d47fe7237bc96bc807bf8f3f9c725a4.gcov.json.gz is included (trace)...
(DEBUG)   No filter matched.
(DEBUG) --> File is excluded.
(DEBUG) Check if /home/federico/Documents/Curso_Zephyr/taskworkspace/deps/zephyr/arch/posix/core/thread.c is included (source file)...
(DEBUG)   No filter matched.
(DEBUG) --> File is excluded.
(DEBUG) Check if /home/federico/Documents/Curso_Zephyr/taskworkspace/deps/zephyr/include/zephyr/arch/posix/arch.h is included (source file)...
(DEBUG) --> File is excluded.
(DEBUG) Check if /home/federico/Documents/Curso_Zephyr/taskworkspace/zephyr-course/twister-out/native_sim_native/host/homework.unit.ring_buf/zephyr/boards/native/native_sim/CMakeFiles/boards__native__native_sim.dir/cmdline.c.gcda is included (trace)...
(DEBUG)   No filter matched.
(DEBUG) --> File is excluded.
(DEBUG) Check if /home/federico/Documents/Curso_Zephyr/taskworkspace/zephyr-course/twister-out/native_sim_native/host/homework.unit.ring_buf/zephyr/boards/native/native_sim/CMakeFiles/boards__native__native_sim.dir/cmdline.c.gcda is included (trace)...
(DEBUG) --> File is excluded.
(DEBUG) Check if cmdline.c##d854c0e91d8db948e0b8d1056a3d4270.gcov.json.gz is included (gcov file)...
(DEBUG)   Filter AlwaysMatchFilter() matched.
(DEBUG) --> File is included.
(DEBUG) Check if /home/federico/Documents/Curso_Zephyr/taskworkspace/zephyr-course/app/modules/ring_buf/cmdline.c##d854c0e91d8db948e0b8d1056a3d4270.gcov.json.gz is included (trace)...
(DEBUG)   No filter matched.
(DEBUG) --> File is excluded.
(DEBUG) Check if /home/federico/Documents/Curso_Zephyr/taskworkspace/deps/zephyr/boards/native/native_sim/cmdline.c is included (source file)...
(DEBUG)   No filter matched.
(DEBUG) --> File is excluded.
(DEBUG) Check if /home/federico/Documents/Curso_Zephyr/taskworkspace/zephyr-course/twister-out/native_sim_native/host/homework.unit.ring_buf/zephyr/boards/native/native_sim/CMakeFiles/boards__native__native_sim.dir/cpu_wait.c.gcda is included (trace)...
(DEBUG)   No filter matched.
(DEBUG) --> File is excluded.
(DEBUG) Check if /home/federico/Documents/Curso_Zephyr/taskworkspace/zephyr-course/twister-out/native_sim_native/host/homework.unit.ring_buf/zephyr/boards/native/native_sim/CMakeFiles/boards__native__native_sim.dir/cpu_wait.c.gcda is included (trace)...
(DEBUG) --> File is excluded.
(DEBUG) Check if cpu_wait.c##29b3b92aa9e1ff10bc1d750990bd9635.gcov.json.gz is included (gcov file)...
(DEBUG)   Filter AlwaysMatchFilter() matched.
(DEBUG) --> File is included.
(DEBUG) Check if /home/federico/Documents/Curso_Zephyr/taskworkspace/zephyr-course/app/modules/ring_buf/cpu_wait.c##29b3b92aa9e1ff10bc1d750990bd9635.gcov.json.gz is included (trace)...
(DEBUG)   No filter matched.
(DEBUG) --> File is excluded.
(DEBUG) Check if /home/federico/Documents/Curso_Zephyr/taskworkspace/deps/zephyr/boards/native/native_sim/cpu_wait.c is included (source file)...
(DEBUG)   No filter matched.
(DEBUG) --> File is excluded.
(DEBUG) Check if /home/federico/Documents/Curso_Zephyr/taskworkspace/deps/zephyr/scripts/native_simulator/common/src/include/nsi_hw_scheduler.h is included (source file)...
(DEBUG) --> File is excluded.
(DEBUG) Check if /home/federico/Documents/Curso_Zephyr/taskworkspace/zephyr-course/twister-out/native_sim_native/host/homework.unit.ring_buf/zephyr/boards/native/native_sim/CMakeFiles/boards__native__native_sim.dir/irq_handler.c.gcda is included (trace)...
(DEBUG)   No filter matched.
(DEBUG) --> File is excluded.
(DEBUG) Check if /home/federico/Documents/Curso_Zephyr/taskworkspace/zephyr-course/twister-out/native_sim_native/host/homework.unit.ring_buf/zephyr/boards/native/native_sim/CMakeFiles/boards__native__native_sim.dir/irq_handler.c.gcda is included (trace)...
(DEBUG) --> File is excluded.
(DEBUG) Check if irq_handler.c##00ced0b74582c7bd1268f3e9f72ba16a.gcov.json.gz is included (gcov file)...
(DEBUG)   Filter AlwaysMatchFilter() matched.
(DEBUG) --> File is included.
(DEBUG) Check if /home/federico/Documents/Curso_Zephyr/taskworkspace/zephyr-course/app/modules/ring_buf/irq_handler.c##00ced0b74582c7bd1268f3e9f72ba16a.gcov.json.gz is included (trace)...
(DEBUG)   No filter matched.
(DEBUG) --> File is excluded.
(DEBUG) Check if /home/federico/Documents/Curso_Zephyr/taskworkspace/deps/zephyr/boards/native/native_sim/irq_handler.c is included (source file)...
(DEBUG)   No filter matched.
(DEBUG) --> File is excluded.
(DEBUG) Check if /home/federico/Documents/Curso_Zephyr/taskworkspace/deps/zephyr/kernel/include/kswap.h is included (source file)...
(DEBUG)   No filter matched.
(DEBUG) --> File is excluded.
(DEBUG) Check if /home/federico/Documents/Curso_Zephyr/taskworkspace/zephyr-course/twister-out/native_sim_native/host/homework.unit.ring_buf/zephyr/boards/native/native_sim/CMakeFiles/boards__native__native_sim.dir/misc.c.gcno is included (trace)...
(DEBUG)   No filter matched.
(DEBUG) --> File is excluded.
(DEBUG) Check if /home/federico/Documents/Curso_Zephyr/taskworkspace/zephyr-course/twister-out/native_sim_native/host/homework.unit.ring_buf/zephyr/boards/native/native_sim/CMakeFiles/boards__native__native_sim.dir/misc.c.gcno is included (trace)...
(DEBUG) --> File is excluded.
(DEBUG) Check if misc.c##0521c11a958e77c8ac4760a67bfa2af4.gcov.json.gz is included (gcov file)...
(DEBUG)   Filter AlwaysMatchFilter() matched.
(DEBUG) --> File is included.
(DEBUG) Check if /home/federico/Documents/Curso_Zephyr/taskworkspace/zephyr-course/app/modules/ring_buf/misc.c##0521c11a958e77c8ac4760a67bfa2af4.gcov.json.gz is included (trace)...
(DEBUG)   No filter matched.
(DEBUG) --> File is excluded.
(DEBUG) Check if /home/federico/Documents/Curso_Zephyr/taskworkspace/zephyr-course/twister-out/native_sim_native/host/homework.unit.ring_buf/zephyr/boards/native/native_sim/CMakeFiles/boards__native__native_sim.dir/nsi_if.c.gcda is included (trace)...
(DEBUG)   No filter matched.
(DEBUG) --> File is excluded.
(DEBUG) Check if /home/federico/Documents/Curso_Zephyr/taskworkspace/zephyr-course/twister-out/native_sim_native/host/homework.unit.ring_buf/zephyr/boards/native/native_sim/CMakeFiles/boards__native__native_sim.dir/nsi_if.c.gcda is included (trace)...
(DEBUG) --> File is excluded.
(DEBUG) Check if nsi_if.c##813caa9090c0cc0e091a7231d4f41f8e.gcov.json.gz is included (gcov file)...
(DEBUG)   Filter AlwaysMatchFilter() matched.
(DEBUG) --> File is included.
(DEBUG) Check if /home/federico/Documents/Curso_Zephyr/taskworkspace/zephyr-course/app/modules/ring_buf/nsi_if.c##813caa9090c0cc0e091a7231d4f41f8e.gcov.json.gz is included (trace)...
(DEBUG)   No filter matched.
(DEBUG) --> File is excluded.
(DEBUG) Check if /home/federico/Documents/Curso_Zephyr/taskworkspace/deps/zephyr/boards/native/native_sim/nsi_if.c is included (source file)...
(DEBUG)   No filter matched.
(DEBUG) --> File is excluded.
(DEBUG) Check if /home/federico/Documents/Curso_Zephyr/taskworkspace/zephyr-course/twister-out/native_sim_native/host/homework.unit.ring_buf/zephyr/boards/native/native_sim/CMakeFiles/boards__native__native_sim.dir/posix_arch_if.c.gcda is included (trace)...
(DEBUG)   No filter matched.
(DEBUG) --> File is excluded.
(DEBUG) Check if /home/federico/Documents/Curso_Zephyr/taskworkspace/zephyr-course/twister-out/native_sim_native/host/homework.unit.ring_buf/zephyr/boards/native/native_sim/CMakeFiles/boards__native__native_sim.dir/posix_arch_if.c.gcda is included (trace)...
(DEBUG) --> File is excluded.
(DEBUG) Check if posix_arch_if.c##3b4bc7b10de83c597d604d19c58a7244.gcov.json.gz is included (gcov file)...
(DEBUG)   Filter AlwaysMatchFilter() matched.
(DEBUG) --> File is included.
(DEBUG) Check if /home/federico/Documents/Curso_Zephyr/taskworkspace/zephyr-course/app/modules/ring_buf/posix_arch_if.c##3b4bc7b10de83c597d604d19c58a7244.gcov.json.gz is included (trace)...
(DEBUG)   No filter matched.
(DEBUG) --> File is excluded.
(DEBUG) Check if /home/federico/Documents/Curso_Zephyr/taskworkspace/deps/zephyr/boards/native/native_sim/posix_arch_if.c is included (source file)...
(DEBUG)   No filter matched.
(DEBUG) --> File is excluded.
(DEBUG) Check if /home/federico/Documents/Curso_Zephyr/taskworkspace/deps/zephyr/scripts/native_simulator/common/src/include/nsi_hw_scheduler.h is included (source file)...
(DEBUG) --> File is excluded.
(DEBUG) Check if /home/federico/Documents/Curso_Zephyr/taskworkspace/zephyr-course/twister-out/native_sim_native/host/homework.unit.ring_buf/zephyr/drivers/console/CMakeFiles/drivers__console.dir/posix_arch_console.c.gcda is included (trace)...
(DEBUG)   No filter matched.
(DEBUG) --> File is excluded.
(DEBUG) Check if /home/federico/Documents/Curso_Zephyr/taskworkspace/zephyr-course/twister-out/native_sim_native/host/homework.unit.ring_buf/zephyr/drivers/console/CMakeFiles/drivers__console.dir/posix_arch_console.c.gcda is included (trace)...
(DEBUG) --> File is excluded.
(DEBUG) Check if posix_arch_console.c##acb396fa3b18c72d5ae978fd6f9e4c38.gcov.json.gz is included (gcov file)...
(DEBUG)   Filter AlwaysMatchFilter() matched.
(DEBUG) --> File is included.
(DEBUG) Check if /home/federico/Documents/Curso_Zephyr/taskworkspace/zephyr-course/app/modules/ring_buf/posix_arch_console.c##acb396fa3b18c72d5ae978fd6f9e4c38.gcov.json.gz is included (trace)...
(DEBUG)   No filter matched.
(DEBUG) --> File is excluded.
(DEBUG) Check if /home/federico/Documents/Curso_Zephyr/taskworkspace/deps/zephyr/drivers/console/posix_arch_console.c is included (source file)...
(DEBUG)   No filter matched.
(DEBUG) --> File is excluded.
(DEBUG) Check if /home/federico/Documents/Curso_Zephyr/taskworkspace/zephyr-course/twister-out/native_sim_native/host/homework.unit.ring_buf/zephyr/drivers/timer/CMakeFiles/drivers__timer.dir/native_sim_timer.c.gcda is included (trace)...
(DEBUG)   No filter matched.
(DEBUG) --> File is excluded.
(DEBUG) Check if /home/federico/Documents/Curso_Zephyr/taskworkspace/zephyr-course/twister-out/native_sim_native/host/homework.unit.ring_buf/zephyr/drivers/timer/CMakeFiles/drivers__timer.dir/native_sim_timer.c.gcda is included (trace)...
(DEBUG) --> File is excluded.
(DEBUG) Check if native_sim_timer.c##208716efd88116c3107390c8c7c76d1b.gcov.json.gz is included (gcov file)...
(DEBUG)   Filter AlwaysMatchFilter() matched.
(DEBUG) --> File is included.
(DEBUG) Check if /home/federico/Documents/Curso_Zephyr/taskworkspace/zephyr-course/app/modules/ring_buf/native_sim_timer.c##208716efd88116c3107390c8c7c76d1b.gcov.json.gz is included (trace)...
(DEBUG)   No filter matched.
(DEBUG) --> File is excluded.
(DEBUG) Check if /home/federico/Documents/Curso_Zephyr/taskworkspace/deps/zephyr/drivers/timer/native_sim_timer.c is included (source file)...
(DEBUG)   No filter matched.
(DEBUG) --> File is excluded.
(DEBUG) Check if /home/federico/Documents/Curso_Zephyr/taskworkspace/deps/zephyr/scripts/native_simulator/common/src/include/nsi_hw_scheduler.h is included (source file)...
(DEBUG) --> File is excluded.
(DEBUG) Check if /home/federico/Documents/Curso_Zephyr/taskworkspace/zephyr-course/twister-out/native_sim_native/host/homework.unit.ring_buf/zephyr/drivers/timer/CMakeFiles/drivers__timer.dir/sys_clock_init.c.gcda is included (trace)...
(DEBUG)   No filter matched.
(DEBUG) --> File is excluded.
(DEBUG) Check if /home/federico/Documents/Curso_Zephyr/taskworkspace/zephyr-course/twister-out/native_sim_native/host/homework.unit.ring_buf/zephyr/drivers/timer/CMakeFiles/drivers__timer.dir/sys_clock_init.c.gcda is included (trace)...
(DEBUG) --> File is excluded.
(DEBUG) Check if sys_clock_init.c##2df59feaed18538e6cbb31ebfd56936b.gcov.json.gz is included (gcov file)...
(DEBUG)   Filter AlwaysMatchFilter() matched.
(DEBUG) --> File is included.
(DEBUG) Check if /home/federico/Documents/Curso_Zephyr/taskworkspace/zephyr-course/app/modules/ring_buf/sys_clock_init.c##2df59feaed18538e6cbb31ebfd56936b.gcov.json.gz is included (trace)...
(DEBUG)   No filter matched.
(DEBUG) --> File is excluded.
(DEBUG) Check if /home/federico/Documents/Curso_Zephyr/taskworkspace/deps/zephyr/drivers/timer/sys_clock_init.c is included (source file)...
(DEBUG)   No filter matched.
(DEBUG) --> File is excluded.
(DEBUG) Check if /home/federico/Documents/Curso_Zephyr/taskworkspace/zephyr-course/twister-out/native_sim_native/host/homework.unit.ring_buf/zephyr/kernel/CMakeFiles/kernel.dir/banner.c.gcda is included (trace)...
(DEBUG)   No filter matched.
(DEBUG) --> File is excluded.
(DEBUG) Check if /home/federico/Documents/Curso_Zephyr/taskworkspace/zephyr-course/twister-out/native_sim_native/host/homework.unit.ring_buf/zephyr/kernel/CMakeFiles/kernel.dir/banner.c.gcda is included (trace)...
(DEBUG) --> File is excluded.
(DEBUG) Check if banner.c##d92f62c4ec9dde56c16ada9acaaadea0.gcov.json.gz is included (gcov file)...
(DEBUG)   Filter AlwaysMatchFilter() matched.
(DEBUG) --> File is included.
(DEBUG) Check if /home/federico/Documents/Curso_Zephyr/taskworkspace/zephyr-course/app/modules/ring_buf/banner.c##d92f62c4ec9dde56c16ada9acaaadea0.gcov.json.gz is included (trace)...
(DEBUG)   No filter matched.
(DEBUG) --> File is excluded.
(DEBUG) Check if /home/federico/Documents/Curso_Zephyr/taskworkspace/deps/zephyr/kernel/banner.c is included (source file)...
(DEBUG)   No filter matched.
(DEBUG) --> File is excluded.
(DEBUG) Check if /home/federico/Documents/Curso_Zephyr/taskworkspace/zephyr-course/twister-out/native_sim_native/host/homework.unit.ring_buf/zephyr/kernel/CMakeFiles/kernel.dir/busy_wait.c.gcno is included (trace)...
(DEBUG)   No filter matched.
(DEBUG) --> File is excluded.
(DEBUG) Check if /home/federico/Documents/Curso_Zephyr/taskworkspace/zephyr-course/twister-out/native_sim_native/host/homework.unit.ring_buf/zephyr/kernel/CMakeFiles/kernel.dir/busy_wait.c.gcno is included (trace)...
(DEBUG) --> File is excluded.
(DEBUG) Check if busy_wait.c##7ce2ae476974802ba49eda826f34cb3c.gcov.json.gz is included (gcov file)...
(DEBUG)   Filter AlwaysMatchFilter() matched.
(DEBUG) --> File is included.
(DEBUG) Check if /home/federico/Documents/Curso_Zephyr/taskworkspace/zephyr-course/app/modules/ring_buf/busy_wait.c##7ce2ae476974802ba49eda826f34cb3c.gcov.json.gz is included (trace)...
(DEBUG)   No filter matched.
(DEBUG) --> File is excluded.
(DEBUG) Check if /home/federico/Documents/Curso_Zephyr/taskworkspace/deps/zephyr/kernel/busy_wait.c is included (source file)...
(DEBUG)   No filter matched.
(DEBUG) --> File is excluded.
(DEBUG) Check if /home/federico/Documents/Curso_Zephyr/taskworkspace/zephyr-course/twister-out/native_sim_native/host/homework.unit.ring_buf/zephyr/kernel/CMakeFiles/kernel.dir/condvar.c.gcno is included (trace)...
(DEBUG)   No filter matched.
(DEBUG) --> File is excluded.
(DEBUG) Check if /home/federico/Documents/Curso_Zephyr/taskworkspace/zephyr-course/twister-out/native_sim_native/host/homework.unit.ring_buf/zephyr/kernel/CMakeFiles/kernel.dir/condvar.c.gcno is included (trace)...
(DEBUG) --> File is excluded.
(DEBUG) Check if condvar.c##b848bda48ada8c4f1cbb55a44f02c4dd.gcov.json.gz is included (gcov file)...
(DEBUG)   Filter AlwaysMatchFilter() matched.
(DEBUG) --> File is included.
(DEBUG) Check if /home/federico/Documents/Curso_Zephyr/taskworkspace/zephyr-course/app/modules/ring_buf/condvar.c##b848bda48ada8c4f1cbb55a44f02c4dd.gcov.json.gz is included (trace)...
(DEBUG)   No filter matched.
(DEBUG) --> File is excluded.
(DEBUG) Check if /home/federico/Documents/Curso_Zephyr/taskworkspace/deps/zephyr/kernel/condvar.c is included (source file)...
(DEBUG)   No filter matched.
(DEBUG) --> File is excluded.
(DEBUG) Check if /home/federico/Documents/Curso_Zephyr/taskworkspace/deps/zephyr/kernel/include/wait_q.h is included (source file)...
(DEBUG)   No filter matched.
(DEBUG) --> File is excluded.
(DEBUG) Check if /home/federico/Documents/Curso_Zephyr/taskworkspace/deps/zephyr/kernel/include/ksched.h is included (source file)...
(DEBUG)   No filter matched.
(DEBUG) --> File is excluded.
(DEBUG) Check if /home/federico/Documents/Curso_Zephyr/taskworkspace/deps/zephyr/kernel/include/priority_q.h is included (source file)...
(DEBUG)   No filter matched.
(DEBUG) --> File is excluded.
(DEBUG) Check if /home/federico/Documents/Curso_Zephyr/taskworkspace/deps/zephyr/kernel/include/kthread.h is included (source file)...
(DEBUG)   No filter matched.
(DEBUG) --> File is excluded.
(DEBUG) Check if /home/federico/Documents/Curso_Zephyr/taskworkspace/deps/zephyr/kernel/include/timeout_q.h is included (source file)...
(DEBUG)   No filter matched.
(DEBUG) --> File is excluded.
(DEBUG) Check if /home/federico/Documents/Curso_Zephyr/taskworkspace/deps/zephyr/arch/posix/include/kernel_arch_func.h is included (source file)...
(DEBUG)   No filter matched.
(DEBUG) --> File is excluded.
(DEBUG) Check if /home/federico/Documents/Curso_Zephyr/taskworkspace/zephyr-course/twister-out/native_sim_native/host/homework.unit.ring_buf/zephyr/include/generated/zephyr/syscalls/kernel.h is included (source file)...
(DEBUG) --> File is excluded.
(DEBUG) Check if /home/federico/Documents/Curso_Zephyr/taskworkspace/deps/zephyr/include/zephyr/sys/internal/kobject_internal.h is included (source file)...
(DEBUG)   No filter matched.
(DEBUG) --> File is excluded.
(DEBUG) Check if /home/federico/Documents/Curso_Zephyr/taskworkspace/deps/zephyr/include/zephyr/spinlock.h is included (source file)...
(DEBUG) --> File is excluded.
(DEBUG) Check if /home/federico/Documents/Curso_Zephyr/taskworkspace/deps/zephyr/include/zephyr/arch/posix/arch.h is included (source file)...
(DEBUG) --> File is excluded.
(DEBUG) Check if /home/federico/Documents/Curso_Zephyr/taskworkspace/deps/zephyr/include/zephyr/sys/dlist.h is included (source file)...
(DEBUG)   No filter matched.
(DEBUG) --> File is excluded.
(DEBUG) Check if /home/federico/Documents/Curso_Zephyr/taskworkspace/zephyr-course/twister-out/native_sim_native/host/homework.unit.ring_buf/zephyr/kernel/CMakeFiles/kernel.dir/device.c.gcda is included (trace)...
(DEBUG)   No filter matched.
(DEBUG) --> File is excluded.
(DEBUG) Check if /home/federico/Documents/Curso_Zephyr/taskworkspace/zephyr-course/twister-out/native_sim_native/host/homework.unit.ring_buf/zephyr/kernel/CMakeFiles/kernel.dir/device.c.gcda is included (trace)...
(DEBUG) --> File is excluded.
(DEBUG) Check if device.c##4df554fe94bedda5685f3dcbf0f86027.gcov.json.gz is included (gcov file)...
(DEBUG)   Filter AlwaysMatchFilter() matched.
(DEBUG) --> File is included.
(DEBUG) Check if /home/federico/Documents/Curso_Zephyr/taskworkspace/zephyr-course/app/modules/ring_buf/device.c##4df554fe94bedda5685f3dcbf0f86027.gcov.json.gz is included (trace)...
(DEBUG)   No filter matched.
(DEBUG) --> File is excluded.
(DEBUG) Check if /home/federico/Documents/Curso_Zephyr/taskworkspace/deps/zephyr/kernel/device.c is included (source file)...
(DEBUG)   No filter matched.
(DEBUG) --> File is excluded.
(DEBUG) Check if /home/federico/Documents/Curso_Zephyr/taskworkspace/deps/zephyr/include/zephyr/sys/internal/kobject_internal.h is included (source file)...
(DEBUG) --> File is excluded.
(DEBUG) Check if /home/federico/Documents/Curso_Zephyr/taskworkspace/zephyr-course/twister-out/native_sim_native/host/homework.unit.ring_buf/zephyr/kernel/CMakeFiles/kernel.dir/dynamic_disabled.c.gcno is included (trace)...
(DEBUG)   No filter matched.
(DEBUG) --> File is excluded.
(DEBUG) Check if /home/federico/Documents/Curso_Zephyr/taskworkspace/zephyr-course/twister-out/native_sim_native/host/homework.unit.ring_buf/zephyr/kernel/CMakeFiles/kernel.dir/dynamic_disabled.c.gcno is included (trace)...
(DEBUG) --> File is excluded.
(DEBUG) Check if dynamic_disabled.c##a7375f69c0967c6a00fd458856886d22.gcov.json.gz is included (gcov file)...
(DEBUG)   Filter AlwaysMatchFilter() matched.
(DEBUG) --> File is included.
(DEBUG) Check if /home/federico/Documents/Curso_Zephyr/taskworkspace/zephyr-course/app/modules/ring_buf/dynamic_disabled.c##a7375f69c0967c6a00fd458856886d22.gcov.json.gz is included (trace)...
(DEBUG)   No filter matched.
(DEBUG) --> File is excluded.
(DEBUG) Check if /home/federico/Documents/Curso_Zephyr/taskworkspace/deps/zephyr/kernel/dynamic_disabled.c is included (source file)...
(DEBUG)   No filter matched.
(DEBUG) --> File is excluded.
(DEBUG) Check if /home/federico/Documents/Curso_Zephyr/taskworkspace/zephyr-course/twister-out/native_sim_native/host/homework.unit.ring_buf/zephyr/kernel/CMakeFiles/kernel.dir/errno.c.gcno is included (trace)...
(DEBUG)   No filter matched.
(DEBUG) --> File is excluded.
(DEBUG) Check if /home/federico/Documents/Curso_Zephyr/taskworkspace/zephyr-course/twister-out/native_sim_native/host/homework.unit.ring_buf/zephyr/kernel/CMakeFiles/kernel.dir/errno.c.gcno is included (trace)...
(DEBUG) --> File is excluded.
(DEBUG) Check if errno.c##cbb825111cb63ddd0d63998e363ff3c2.gcov.json.gz is included (gcov file)...
(DEBUG)   Filter AlwaysMatchFilter() matched.
(DEBUG) --> File is included.
(DEBUG) Check if /home/federico/Documents/Curso_Zephyr/taskworkspace/zephyr-course/app/modules/ring_buf/errno.c##cbb825111cb63ddd0d63998e363ff3c2.gcov.json.gz is included (trace)...
(DEBUG)   No filter matched.
(DEBUG) --> File is excluded.
(DEBUG) Check if /home/federico/Documents/Curso_Zephyr/taskworkspace/deps/zephyr/kernel/errno.c is included (source file)...
(DEBUG)   No filter matched.
(DEBUG) --> File is excluded.
(DEBUG) Check if /home/federico/Documents/Curso_Zephyr/taskworkspace/zephyr-course/twister-out/native_sim_native/host/homework.unit.ring_buf/zephyr/kernel/CMakeFiles/kernel.dir/fatal.c.gcda is included (trace)...
(DEBUG)   No filter matched.
(DEBUG) --> File is excluded.
(DEBUG) Check if /home/federico/Documents/Curso_Zephyr/taskworkspace/zephyr-course/twister-out/native_sim_native/host/homework.unit.ring_buf/zephyr/kernel/CMakeFiles/kernel.dir/fatal.c.gcda is included (trace)...
(DEBUG) --> File is excluded.
(DEBUG) Check if fatal.c##2f820ab4b41d9acedb21c8687f2001b9.gcov.json.gz is included (gcov file)...
(DEBUG)   Filter AlwaysMatchFilter() matched.
(DEBUG) --> File is included.
(DEBUG) Check if /home/federico/Documents/Curso_Zephyr/taskworkspace/zephyr-course/app/modules/ring_buf/fatal.c##2f820ab4b41d9acedb21c8687f2001b9.gcov.json.gz is included (trace)...
(DEBUG)   No filter matched.
(DEBUG) --> File is excluded.
(DEBUG) Check if /home/federico/Documents/Curso_Zephyr/taskworkspace/deps/zephyr/kernel/fatal.c is included (source file)...
(DEBUG)   No filter matched.
(DEBUG) --> File is excluded.
(DEBUG) Check if /home/federico/Documents/Curso_Zephyr/taskworkspace/deps/zephyr/include/zephyr/debug/coredump.h is included (source file)...
(DEBUG)   No filter matched.
(DEBUG) --> File is excluded.
(DEBUG) Check if /home/federico/Documents/Curso_Zephyr/taskworkspace/zephyr-course/twister-out/native_sim_native/host/homework.unit.ring_buf/zephyr/include/generated/zephyr/syscalls/log_ctrl.h is included (source file)...
(DEBUG) --> File is excluded.
(DEBUG) Check if /home/federico/Documents/Curso_Zephyr/taskworkspace/deps/zephyr/include/zephyr/logging/log_msg.h is included (source file)...
(DEBUG) --> File is excluded.
(DEBUG) Check if /home/federico/Documents/Curso_Zephyr/taskworkspace/zephyr-course/twister-out/native_sim_native/host/homework.unit.ring_buf/zephyr/include/generated/zephyr/syscalls/kernel.h is included (source file)...
(DEBUG) --> File is excluded.
(DEBUG) Check if /home/federico/Documents/Curso_Zephyr/taskworkspace/deps/zephyr/include/zephyr/arch/posix/arch.h is included (source file)...
(DEBUG) --> File is excluded.
(DEBUG) Check if /home/federico/Documents/Curso_Zephyr/taskworkspace/zephyr-course/twister-out/native_sim_native/host/homework.unit.ring_buf/zephyr/kernel/CMakeFiles/kernel.dir/float.c.gcno is included (trace)...
(DEBUG)   No filter matched.
(DEBUG) --> File is excluded.
(DEBUG) Check if /home/federico/Documents/Curso_Zephyr/taskworkspace/zephyr-course/twister-out/native_sim_native/host/homework.unit.ring_buf/zephyr/kernel/CMakeFiles/kernel.dir/float.c.gcno is included (trace)...
(DEBUG) --> File is excluded.
(DEBUG) Check if float.c##a2452cebc5632124f2b0dde4e4f0a206.gcov.json.gz is included (gcov file)...
(DEBUG)   Filter AlwaysMatchFilter() matched.
(DEBUG) --> File is included.
(DEBUG) Check if /home/federico/Documents/Curso_Zephyr/taskworkspace/zephyr-course/app/modules/ring_buf/float.c##a2452cebc5632124f2b0dde4e4f0a206.gcov.json.gz is included (trace)...
(DEBUG)   No filter matched.
(DEBUG) --> File is excluded.
(DEBUG) Check if /home/federico/Documents/Curso_Zephyr/taskworkspace/deps/zephyr/kernel/float.c is included (source file)...
(DEBUG)   No filter matched.
(DEBUG) --> File is excluded.
(DEBUG) Check if /home/federico/Documents/Curso_Zephyr/taskworkspace/zephyr-course/twister-out/native_sim_native/host/homework.unit.ring_buf/zephyr/kernel/CMakeFiles/kernel.dir/idle.c.gcda is included (trace)...
(DEBUG)   No filter matched.
(DEBUG) --> File is excluded.
(DEBUG) Check if /home/federico/Documents/Curso_Zephyr/taskworkspace/zephyr-course/twister-out/native_sim_native/host/homework.unit.ring_buf/zephyr/kernel/CMakeFiles/kernel.dir/idle.c.gcda is included (trace)...
(DEBUG) --> File is excluded.
(DEBUG) Check if idle.c##29179324917d6340d40428bdb6328673.gcov.json.gz is included (gcov file)...
(DEBUG)   Filter AlwaysMatchFilter() matched.
(DEBUG) --> File is included.
(DEBUG) Check if /home/federico/Documents/Curso_Zephyr/taskworkspace/zephyr-course/app/modules/ring_buf/idle.c##29179324917d6340d40428bdb6328673.gcov.json.gz is included (trace)...
(DEBUG)   No filter matched.
(DEBUG) --> File is excluded.
(DEBUG) Check if /home/federico/Documents/Curso_Zephyr/taskworkspace/deps/zephyr/kernel/idle.c is included (source file)...
(DEBUG)   No filter matched.
(DEBUG) --> File is excluded.
(DEBUG) Check if /home/federico/Documents/Curso_Zephyr/taskworkspace/deps/zephyr/include/zephyr/kernel.h is included (source file)...
(DEBUG) --> File is excluded.
(DEBUG) Check if /home/federico/Documents/Curso_Zephyr/taskworkspace/deps/zephyr/include/zephyr/arch/posix/arch.h is included (source file)...
(DEBUG) --> File is excluded.
(DEBUG) Check if /home/federico/Documents/Curso_Zephyr/taskworkspace/zephyr-course/twister-out/native_sim_native/host/homework.unit.ring_buf/zephyr/kernel/CMakeFiles/kernel.dir/init.c.gcda is included (trace)...
(DEBUG)   No filter matched.
(DEBUG) --> File is excluded.
(DEBUG) Check if /home/federico/Documents/Curso_Zephyr/taskworkspace/zephyr-course/twister-out/native_sim_native/host/homework.unit.ring_buf/zephyr/kernel/CMakeFiles/kernel.dir/init.c.gcda is included (trace)...
(DEBUG) --> File is excluded.
(DEBUG) Check if init.c##dd78f96e89da4b28e21d4928ac98b7f0.gcov.json.gz is included (gcov file)...
(DEBUG)   Filter AlwaysMatchFilter() matched.
(DEBUG) --> File is included.
(DEBUG) Check if /home/federico/Documents/Curso_Zephyr/taskworkspace/zephyr-course/app/modules/ring_buf/init.c##dd78f96e89da4b28e21d4928ac98b7f0.gcov.json.gz is included (trace)...
(DEBUG)   No filter matched.
(DEBUG) --> File is excluded.
(DEBUG) Check if /home/federico/Documents/Curso_Zephyr/taskworkspace/deps/zephyr/kernel/init.c is included (source file)...
(DEBUG)   No filter matched.
(DEBUG) --> File is excluded.
(DEBUG) Check if /home/federico/Documents/Curso_Zephyr/taskworkspace/deps/zephyr/include/zephyr/pm/device_runtime.h is included (source file)...
(DEBUG)   No filter matched.
(DEBUG) --> File is excluded.
(DEBUG) Check if /home/federico/Documents/Curso_Zephyr/taskworkspace/deps/zephyr/include/zephyr/debug/gcov.h is included (source file)...
(DEBUG)   No filter matched.
(DEBUG) --> File is excluded.
(DEBUG) Check if /home/federico/Documents/Curso_Zephyr/taskworkspace/deps/zephyr/kernel/include/kthread.h is included (source file)...
(DEBUG) --> File is excluded.
(DEBUG) Check if /home/federico/Documents/Curso_Zephyr/taskworkspace/deps/zephyr/kernel/include/timeout_q.h is included (source file)...
(DEBUG) --> File is excluded.
(DEBUG) Check if /home/federico/Documents/Curso_Zephyr/taskworkspace/deps/zephyr/arch/posix/include/kernel_arch_func.h is included (source file)...
(DEBUG) --> File is excluded.
(DEBUG) Check if /home/federico/Documents/Curso_Zephyr/taskworkspace/zephyr-course/twister-out/native_sim_native/host/homework.unit.ring_buf/zephyr/include/generated/zephyr/syscalls/kernel.h is included (source file)...
(DEBUG) --> File is excluded.
(DEBUG) Check if /home/federico/Documents/Curso_Zephyr/taskworkspace/deps/zephyr/include/zephyr/kernel.h is included (source file)...
(DEBUG) --> File is excluded.
(DEBUG) Check if /home/federico/Documents/Curso_Zephyr/taskworkspace/deps/zephyr/include/zephyr/kernel/thread_stack.h is included (source file)...
(DEBUG)   No filter matched.
(DEBUG) --> File is excluded.
(DEBUG) Check if /home/federico/Documents/Curso_Zephyr/taskworkspace/deps/zephyr/include/zephyr/arch/posix/arch.h is included (source file)...
(DEBUG) --> File is excluded.
(DEBUG) Check if /home/federico/Documents/Curso_Zephyr/taskworkspace/zephyr-course/twister-out/native_sim_native/host/homework.unit.ring_buf/zephyr/kernel/CMakeFiles/kernel.dir/kheap.c.gcno is included (trace)...
(DEBUG)   No filter matched.
(DEBUG) --> File is excluded.
(DEBUG) Check if /home/federico/Documents/Curso_Zephyr/taskworkspace/zephyr-course/twister-out/native_sim_native/host/homework.unit.ring_buf/zephyr/kernel/CMakeFiles/kernel.dir/kheap.c.gcno is included (trace)...
(DEBUG) --> File is excluded.
(DEBUG) Check if kheap.c##809d2da103f328ac29f69bd2524fca7d.gcov.json.gz is included (gcov file)...
(DEBUG)   Filter AlwaysMatchFilter() matched.
(DEBUG) --> File is included.
(DEBUG) Check if /home/federico/Documents/Curso_Zephyr/taskworkspace/zephyr-course/app/modules/ring_buf/kheap.c##809d2da103f328ac29f69bd2524fca7d.gcov.json.gz is included (trace)...
(DEBUG)   No filter matched.
(DEBUG) --> File is excluded.
(DEBUG) Check if /home/federico/Documents/Curso_Zephyr/taskworkspace/deps/zephyr/kernel/kheap.c is included (source file)...
(DEBUG)   No filter matched.
(DEBUG) --> File is excluded.
(DEBUG) Check if /home/federico/Documents/Curso_Zephyr/taskworkspace/deps/zephyr/kernel/include/wait_q.h is included (source file)...
(DEBUG) --> File is excluded.
(DEBUG) Check if /home/federico/Documents/Curso_Zephyr/taskworkspace/deps/zephyr/include/zephyr/sys/math_extras_impl.h is included (source file)...
(DEBUG)   No filter matched.
(DEBUG) --> File is excluded.
(DEBUG) Check if /home/federico/Documents/Curso_Zephyr/taskworkspace/deps/zephyr/arch/posix/include/kernel_arch_func.h is included (source file)...
(DEBUG) --> File is excluded.
(DEBUG) Check if /home/federico/Documents/Curso_Zephyr/taskworkspace/deps/zephyr/include/zephyr/spinlock.h is included (source file)...
(DEBUG) --> File is excluded.
(DEBUG) Check if /home/federico/Documents/Curso_Zephyr/taskworkspace/deps/zephyr/include/zephyr/arch/posix/arch.h is included (source file)...
(DEBUG) --> File is excluded.
(DEBUG) Check if /home/federico/Documents/Curso_Zephyr/taskworkspace/deps/zephyr/include/zephyr/sys/dlist.h is included (source file)...
(DEBUG) --> File is excluded.
(DEBUG) Check if /home/federico/Documents/Curso_Zephyr/taskworkspace/zephyr-course/twister-out/native_sim_native/host/homework.unit.ring_buf/zephyr/kernel/CMakeFiles/kernel.dir/mailbox.c.gcno is included (trace)...
(DEBUG)   No filter matched.
(DEBUG) --> File is excluded.
(DEBUG) Check if /home/federico/Documents/Curso_Zephyr/taskworkspace/zephyr-course/twister-out/native_sim_native/host/homework.unit.ring_buf/zephyr/kernel/CMakeFiles/kernel.dir/mailbox.c.gcno is included (trace)...
(DEBUG) --> File is excluded.
(DEBUG) Check if mailbox.c##f54822ce576e45f2d4e1c000b0ff4fe5.gcov.json.gz is included (gcov file)...
(DEBUG)   Filter AlwaysMatchFilter() matched.
(DEBUG) --> File is included.
(DEBUG) Check if /home/federico/Documents/Curso_Zephyr/taskworkspace/zephyr-course/app/modules/ring_buf/mailbox.c##f54822ce576e45f2d4e1c000b0ff4fe5.gcov.json.gz is included (trace)...
(DEBUG)   No filter matched.
(DEBUG) --> File is excluded.
(DEBUG) Check if /home/federico/Documents/Curso_Zephyr/taskworkspace/deps/zephyr/kernel/mailbox.c is included (source file)...
(DEBUG)   No filter matched.
(DEBUG) --> File is excluded.
(DEBUG) Check if /home/federico/Documents/Curso_Zephyr/taskworkspace/deps/zephyr/kernel/include/wait_q.h is included (source file)...
(DEBUG) --> File is excluded.
(DEBUG) Check if /home/federico/Documents/Curso_Zephyr/taskworkspace/deps/zephyr/kernel/include/ksched.h is included (source file)...
(DEBUG) --> File is excluded.
(DEBUG) Check if /home/federico/Documents/Curso_Zephyr/taskworkspace/deps/zephyr/kernel/include/kthread.h is included (source file)...
(DEBUG) --> File is excluded.
(DEBUG) Check if /home/federico/Documents/Curso_Zephyr/taskworkspace/deps/zephyr/arch/posix/include/kernel_arch_func.h is included (source file)...
(DEBUG) --> File is excluded.
(DEBUG) Check if /home/federico/Documents/Curso_Zephyr/taskworkspace/zephyr-course/twister-out/native_sim_native/host/homework.unit.ring_buf/zephyr/include/generated/zephyr/syscalls/kernel.h is included (source file)...
(DEBUG) --> File is excluded.
(DEBUG) Check if /home/federico/Documents/Curso_Zephyr/taskworkspace/deps/zephyr/include/zephyr/spinlock.h is included (source file)...
(DEBUG) --> File is excluded.
(DEBUG) Check if /home/federico/Documents/Curso_Zephyr/taskworkspace/deps/zephyr/include/zephyr/arch/posix/arch.h is included (source file)...
(DEBUG) --> File is excluded.
(DEBUG) Check if /home/federico/Documents/Curso_Zephyr/taskworkspace/deps/zephyr/include/zephyr/sys/dlist.h is included (source file)...
(DEBUG) --> File is excluded.
(DEBUG) Check if /home/federico/Documents/Curso_Zephyr/taskworkspace/zephyr-course/twister-out/native_sim_native/host/homework.unit.ring_buf/zephyr/kernel/CMakeFiles/kernel.dir/main_weak.c.gcno is included (trace)...
(DEBUG)   No filter matched.
(DEBUG) --> File is excluded.
(DEBUG) Check if /home/federico/Documents/Curso_Zephyr/taskworkspace/zephyr-course/twister-out/native_sim_native/host/homework.unit.ring_buf/zephyr/kernel/CMakeFiles/kernel.dir/main_weak.c.gcno is included (trace)...
(DEBUG) --> File is excluded.
(DEBUG) Check if main_weak.c##e574405ad5c20a9046062d1dd4cfbc2e.gcov.json.gz is included (gcov file)...
(DEBUG)   Filter AlwaysMatchFilter() matched.
(DEBUG) --> File is included.
(DEBUG) Check if /home/federico/Documents/Curso_Zephyr/taskworkspace/zephyr-course/app/modules/ring_buf/main_weak.c##e574405ad5c20a9046062d1dd4cfbc2e.gcov.json.gz is included (trace)...
(DEBUG)   No filter matched.
(DEBUG) --> File is excluded.
(DEBUG) Check if /home/federico/Documents/Curso_Zephyr/taskworkspace/deps/zephyr/kernel/main_weak.c is included (source file)...
(DEBUG)   No filter matched.
(DEBUG) --> File is excluded.
(DEBUG) Check if /home/federico/Documents/Curso_Zephyr/taskworkspace/deps/zephyr/include/zephyr/arch/posix/arch.h is included (source file)...
(DEBUG) --> File is excluded.
(DEBUG) Check if /home/federico/Documents/Curso_Zephyr/taskworkspace/zephyr-course/twister-out/native_sim_native/host/homework.unit.ring_buf/zephyr/kernel/CMakeFiles/kernel.dir/mem_slab.c.gcno is included (trace)...
(DEBUG)   No filter matched.
(DEBUG) --> File is excluded.
(DEBUG) Check if /home/federico/Documents/Curso_Zephyr/taskworkspace/zephyr-course/twister-out/native_sim_native/host/homework.unit.ring_buf/zephyr/kernel/CMakeFiles/kernel.dir/mem_slab.c.gcno is included (trace)...
(DEBUG) --> File is excluded.
(DEBUG) Check if mem_slab.c##1ba16c646d2761b3e31135c4f78f9d5c.gcov.json.gz is included (gcov file)...
(DEBUG)   Filter AlwaysMatchFilter() matched.
(DEBUG) --> File is included.
(DEBUG) Check if /home/federico/Documents/Curso_Zephyr/taskworkspace/zephyr-course/app/modules/ring_buf/mem_slab.c##1ba16c646d2761b3e31135c4f78f9d5c.gcov.json.gz is included (trace)...
(DEBUG)   No filter matched.
(DEBUG) --> File is excluded.
(DEBUG) Check if /home/federico/Documents/Curso_Zephyr/taskworkspace/deps/zephyr/kernel/mem_slab.c is included (source file)...
(DEBUG)   No filter matched.
(DEBUG) --> File is excluded.
(DEBUG) Check if /home/federico/Documents/Curso_Zephyr/taskworkspace/deps/zephyr/kernel/include/wait_q.h is included (source file)...
(DEBUG) --> File is excluded.
(DEBUG) Check if /home/federico/Documents/Curso_Zephyr/taskworkspace/deps/zephyr/kernel/include/ksched.h is included (source file)...
(DEBUG) --> File is excluded.
(DEBUG) Check if /home/federico/Documents/Curso_Zephyr/taskworkspace/deps/zephyr/kernel/include/priority_q.h is included (source file)...
(DEBUG) --> File is excluded.
(DEBUG) Check if /home/federico/Documents/Curso_Zephyr/taskworkspace/deps/zephyr/kernel/include/kthread.h is included (source file)...
(DEBUG) --> File is excluded.
(DEBUG) Check if /home/federico/Documents/Curso_Zephyr/taskworkspace/deps/zephyr/kernel/include/timeout_q.h is included (source file)...
(DEBUG) --> File is excluded.
(DEBUG) Check if /home/federico/Documents/Curso_Zephyr/taskworkspace/deps/zephyr/kernel/include/kernel_internal.h is included (source file)...
(DEBUG)   No filter matched.
(DEBUG) --> File is excluded.
(DEBUG) Check if /home/federico/Documents/Curso_Zephyr/taskworkspace/deps/zephyr/arch/posix/include/kernel_arch_func.h is included (source file)...
(DEBUG) --> File is excluded.
(DEBUG) Check if /home/federico/Documents/Curso_Zephyr/taskworkspace/deps/zephyr/include/zephyr/sys/internal/kobject_internal.h is included (source file)...
(DEBUG) --> File is excluded.
(DEBUG) Check if /home/federico/Documents/Curso_Zephyr/taskworkspace/deps/zephyr/include/zephyr/spinlock.h is included (source file)...
(DEBUG) --> File is excluded.
(DEBUG) Check if /home/federico/Documents/Curso_Zephyr/taskworkspace/deps/zephyr/include/zephyr/arch/posix/arch.h is included (source file)...
(DEBUG) --> File is excluded.
(DEBUG) Check if /home/federico/Documents/Curso_Zephyr/taskworkspace/deps/zephyr/include/zephyr/sys/dlist.h is included (source file)...
(DEBUG) --> File is excluded.
(DEBUG) Check if /home/federico/Documents/Curso_Zephyr/taskworkspace/zephyr-course/twister-out/native_sim_native/host/homework.unit.ring_buf/zephyr/kernel/CMakeFiles/kernel.dir/mempool.c.gcno is included (trace)...
(DEBUG)   No filter matched.
(DEBUG) --> File is excluded.
(DEBUG) Check if /home/federico/Documents/Curso_Zephyr/taskworkspace/zephyr-course/twister-out/native_sim_native/host/homework.unit.ring_buf/zephyr/kernel/CMakeFiles/kernel.dir/mempool.c.gcno is included (trace)...
(DEBUG) --> File is excluded.
(DEBUG) Check if mempool.c##2d5c818a5f0e81c17df02baf025bcd4c.gcov.json.gz is included (gcov file)...
(DEBUG)   Filter AlwaysMatchFilter() matched.
(DEBUG) --> File is included.
(DEBUG) Check if /home/federico/Documents/Curso_Zephyr/taskworkspace/zephyr-course/app/modules/ring_buf/mempool.c##2d5c818a5f0e81c17df02baf025bcd4c.gcov.json.gz is included (trace)...
(DEBUG)   No filter matched.
(DEBUG) --> File is excluded.
(DEBUG) Check if /home/federico/Documents/Curso_Zephyr/taskworkspace/deps/zephyr/kernel/mempool.c is included (source file)...
(DEBUG)   No filter matched.
(DEBUG) --> File is excluded.
(DEBUG) Check if /home/federico/Documents/Curso_Zephyr/taskworkspace/deps/zephyr/include/zephyr/sys/math_extras_impl.h is included (source file)...
(DEBUG) --> File is excluded.
(DEBUG) Check if /home/federico/Documents/Curso_Zephyr/taskworkspace/deps/zephyr/include/zephyr/spinlock.h is included (source file)...
(DEBUG) --> File is excluded.
(DEBUG) Check if /home/federico/Documents/Curso_Zephyr/taskworkspace/deps/zephyr/include/zephyr/arch/posix/arch.h is included (source file)...
(DEBUG) --> File is excluded.
(DEBUG) Check if /home/federico/Documents/Curso_Zephyr/taskworkspace/zephyr-course/twister-out/native_sim_native/host/homework.unit.ring_buf/zephyr/kernel/CMakeFiles/kernel.dir/msg_q.c.gcno is included (trace)...
(DEBUG)   No filter matched.
(DEBUG) --> File is excluded.
(DEBUG) Check if /home/federico/Documents/Curso_Zephyr/taskworkspace/zephyr-course/twister-out/native_sim_native/host/homework.unit.ring_buf/zephyr/kernel/CMakeFiles/kernel.dir/msg_q.c.gcno is included (trace)...
(DEBUG) --> File is excluded.
(DEBUG) Check if msg_q.c##650c439cb0ffed3edf24b200239fe72f.gcov.json.gz is included (gcov file)...
(DEBUG)   Filter AlwaysMatchFilter() matched.
(DEBUG) --> File is included.
(DEBUG) Check if /home/federico/Documents/Curso_Zephyr/taskworkspace/zephyr-course/app/modules/ring_buf/msg_q.c##650c439cb0ffed3edf24b200239fe72f.gcov.json.gz is included (trace)...
(DEBUG)   No filter matched.
(DEBUG) --> File is excluded.
(DEBUG) Check if /home/federico/Documents/Curso_Zephyr/taskworkspace/deps/zephyr/kernel/msg_q.c is included (source file)...
(DEBUG)   No filter matched.
(DEBUG) --> File is excluded.
(DEBUG) Check if /home/federico/Documents/Curso_Zephyr/taskworkspace/deps/zephyr/kernel/include/wait_q.h is included (source file)...
(DEBUG) --> File is excluded.
(DEBUG) Check if /home/federico/Documents/Curso_Zephyr/taskworkspace/deps/zephyr/kernel/include/ksched.h is included (source file)...
(DEBUG) --> File is excluded.
(DEBUG) Check if /home/federico/Documents/Curso_Zephyr/taskworkspace/deps/zephyr/kernel/include/priority_q.h is included (source file)...
(DEBUG) --> File is excluded.
(DEBUG) Check if /home/federico/Documents/Curso_Zephyr/taskworkspace/deps/zephyr/include/zephyr/sys/math_extras_impl.h is included (source file)...
(DEBUG) --> File is excluded.
(DEBUG) Check if /home/federico/Documents/Curso_Zephyr/taskworkspace/deps/zephyr/kernel/include/kthread.h is included (source file)...
(DEBUG) --> File is excluded.
(DEBUG) Check if /home/federico/Documents/Curso_Zephyr/taskworkspace/deps/zephyr/kernel/include/timeout_q.h is included (source file)...
(DEBUG) --> File is excluded.
(DEBUG) Check if /home/federico/Documents/Curso_Zephyr/taskworkspace/deps/zephyr/arch/posix/include/kernel_arch_func.h is included (source file)...
(DEBUG) --> File is excluded.
(DEBUG) Check if /home/federico/Documents/Curso_Zephyr/taskworkspace/deps/zephyr/include/zephyr/sys/internal/kobject_internal.h is included (source file)...
(DEBUG) --> File is excluded.
(DEBUG) Check if /home/federico/Documents/Curso_Zephyr/taskworkspace/deps/zephyr/include/zephyr/spinlock.h is included (source file)...
(DEBUG) --> File is excluded.
(DEBUG) Check if /home/federico/Documents/Curso_Zephyr/taskworkspace/deps/zephyr/include/zephyr/arch/posix/arch.h is included (source file)...
(DEBUG) --> File is excluded.
(DEBUG) Check if /home/federico/Documents/Curso_Zephyr/taskworkspace/deps/zephyr/include/zephyr/sys/dlist.h is included (source file)...
(DEBUG) --> File is excluded.
(DEBUG) Check if /home/federico/Documents/Curso_Zephyr/taskworkspace/zephyr-course/twister-out/native_sim_native/host/homework.unit.ring_buf/zephyr/kernel/CMakeFiles/kernel.dir/mutex.c.gcno is included (trace)...
(DEBUG)   No filter matched.
(DEBUG) --> File is excluded.
(DEBUG) Check if /home/federico/Documents/Curso_Zephyr/taskworkspace/zephyr-course/twister-out/native_sim_native/host/homework.unit.ring_buf/zephyr/kernel/CMakeFiles/kernel.dir/mutex.c.gcno is included (trace)...
(DEBUG) --> File is excluded.
(DEBUG) Check if mutex.c##9a1770a76540eeb0f24d583baff5deed.gcov.json.gz is included (gcov file)...
(DEBUG)   Filter AlwaysMatchFilter() matched.
(DEBUG) --> File is included.
(DEBUG) Check if /home/federico/Documents/Curso_Zephyr/taskworkspace/zephyr-course/app/modules/ring_buf/mutex.c##9a1770a76540eeb0f24d583baff5deed.gcov.json.gz is included (trace)...
(DEBUG)   No filter matched.
(DEBUG) --> File is excluded.
(DEBUG) Check if /home/federico/Documents/Curso_Zephyr/taskworkspace/deps/zephyr/kernel/mutex.c is included (source file)...
(DEBUG)   No filter matched.
(DEBUG) --> File is excluded.
(DEBUG) Check if /home/federico/Documents/Curso_Zephyr/taskworkspace/deps/zephyr/include/zephyr/logging/log_msg.h is included (source file)...
(DEBUG) --> File is excluded.
(DEBUG) Check if /home/federico/Documents/Curso_Zephyr/taskworkspace/deps/zephyr/kernel/include/wait_q.h is included (source file)...
(DEBUG) --> File is excluded.
(DEBUG) Check if /home/federico/Documents/Curso_Zephyr/taskworkspace/deps/zephyr/kernel/include/ksched.h is included (source file)...
(DEBUG) --> File is excluded.
(DEBUG) Check if /home/federico/Documents/Curso_Zephyr/taskworkspace/deps/zephyr/kernel/include/priority_q.h is included (source file)...
(DEBUG) --> File is excluded.
(DEBUG) Check if /home/federico/Documents/Curso_Zephyr/taskworkspace/deps/zephyr/kernel/include/kthread.h is included (source file)...
(DEBUG) --> File is excluded.
(DEBUG) Check if /home/federico/Documents/Curso_Zephyr/taskworkspace/deps/zephyr/kernel/include/timeout_q.h is included (source file)...
(DEBUG) --> File is excluded.
(DEBUG) Check if /home/federico/Documents/Curso_Zephyr/taskworkspace/deps/zephyr/arch/posix/include/kernel_arch_func.h is included (source file)...
(DEBUG) --> File is excluded.
(DEBUG) Check if /home/federico/Documents/Curso_Zephyr/taskworkspace/deps/zephyr/include/zephyr/sys/internal/kobject_internal.h is included (source file)...
(DEBUG) --> File is excluded.
(DEBUG) Check if /home/federico/Documents/Curso_Zephyr/taskworkspace/deps/zephyr/include/zephyr/spinlock.h is included (source file)...
(DEBUG) --> File is excluded.
(DEBUG) Check if /home/federico/Documents/Curso_Zephyr/taskworkspace/deps/zephyr/include/zephyr/arch/posix/arch.h is included (source file)...
(DEBUG) --> File is excluded.
(DEBUG) Check if /home/federico/Documents/Curso_Zephyr/taskworkspace/deps/zephyr/include/zephyr/sys/dlist.h is included (source file)...
(DEBUG) --> File is excluded.
(DEBUG) Check if /home/federico/Documents/Curso_Zephyr/taskworkspace/zephyr-course/twister-out/native_sim_native/host/homework.unit.ring_buf/zephyr/kernel/CMakeFiles/kernel.dir/pipe.c.gcno is included (trace)...
(DEBUG)   No filter matched.
(DEBUG) --> File is excluded.
(DEBUG) Check if /home/federico/Documents/Curso_Zephyr/taskworkspace/zephyr-course/twister-out/native_sim_native/host/homework.unit.ring_buf/zephyr/kernel/CMakeFiles/kernel.dir/pipe.c.gcno is included (trace)...
(DEBUG) --> File is excluded.
(DEBUG) Check if pipe.c##f784bd4fad42342781dd6d13eddd9909.gcov.json.gz is included (gcov file)...
(DEBUG)   Filter AlwaysMatchFilter() matched.
(DEBUG) --> File is included.
(DEBUG) Check if /home/federico/Documents/Curso_Zephyr/taskworkspace/zephyr-course/app/modules/ring_buf/pipe.c##f784bd4fad42342781dd6d13eddd9909.gcov.json.gz is included (trace)...
(DEBUG)   No filter matched.
(DEBUG) --> File is excluded.
(DEBUG) Check if /home/federico/Documents/Curso_Zephyr/taskworkspace/deps/zephyr/kernel/pipe.c is included (source file)...
(DEBUG)   No filter matched.
(DEBUG) --> File is excluded.
(DEBUG) Check if /home/federico/Documents/Curso_Zephyr/taskworkspace/deps/zephyr/kernel/include/wait_q.h is included (source file)...
(DEBUG) --> File is excluded.
(DEBUG) Check if /home/federico/Documents/Curso_Zephyr/taskworkspace/deps/zephyr/kernel/include/ksched.h is included (source file)...
(DEBUG) --> File is excluded.
(DEBUG) Check if /home/federico/Documents/Curso_Zephyr/taskworkspace/deps/zephyr/kernel/include/priority_q.h is included (source file)...
(DEBUG) --> File is excluded.
(DEBUG) Check if /home/federico/Documents/Curso_Zephyr/taskworkspace/deps/zephyr/kernel/include/kthread.h is included (source file)...
(DEBUG) --> File is excluded.
(DEBUG) Check if /home/federico/Documents/Curso_Zephyr/taskworkspace/deps/zephyr/kernel/include/timeout_q.h is included (source file)...
(DEBUG) --> File is excluded.
(DEBUG) Check if /home/federico/Documents/Curso_Zephyr/taskworkspace/deps/zephyr/kernel/include/kernel_internal.h is included (source file)...
(DEBUG) --> File is excluded.
(DEBUG) Check if /home/federico/Documents/Curso_Zephyr/taskworkspace/deps/zephyr/arch/posix/include/kernel_arch_func.h is included (source file)...
(DEBUG) --> File is excluded.
(DEBUG) Check if /home/federico/Documents/Curso_Zephyr/taskworkspace/deps/zephyr/include/zephyr/sys/ring_buffer.h is included (source file)...
(DEBUG) --> File is excluded.
(DEBUG) Check if /home/federico/Documents/Curso_Zephyr/taskworkspace/deps/zephyr/include/zephyr/sys/internal/kobject_internal.h is included (source file)...
(DEBUG) --> File is excluded.
(DEBUG) Check if /home/federico/Documents/Curso_Zephyr/taskworkspace/deps/zephyr/include/zephyr/spinlock.h is included (source file)...
(DEBUG) --> File is excluded.
(DEBUG) Check if /home/federico/Documents/Curso_Zephyr/taskworkspace/deps/zephyr/include/zephyr/arch/posix/arch.h is included (source file)...
(DEBUG) --> File is excluded.
(DEBUG) Check if /home/federico/Documents/Curso_Zephyr/taskworkspace/deps/zephyr/include/zephyr/sys/dlist.h is included (source file)...
(DEBUG) --> File is excluded.
(DEBUG) Check if /home/federico/Documents/Curso_Zephyr/taskworkspace/zephyr-course/twister-out/native_sim_native/host/homework.unit.ring_buf/zephyr/kernel/CMakeFiles/kernel.dir/queue.c.gcno is included (trace)...
(DEBUG)   No filter matched.
(DEBUG) --> File is excluded.
(DEBUG) Check if /home/federico/Documents/Curso_Zephyr/taskworkspace/zephyr-course/twister-out/native_sim_native/host/homework.unit.ring_buf/zephyr/kernel/CMakeFiles/kernel.dir/queue.c.gcno is included (trace)...
(DEBUG) --> File is excluded.
(DEBUG) Check if queue.c##6c44d76bc31ad1043880c93c03302d42.gcov.json.gz is included (gcov file)...
(DEBUG)   Filter AlwaysMatchFilter() matched.
(DEBUG) --> File is included.
(DEBUG) Check if /home/federico/Documents/Curso_Zephyr/taskworkspace/zephyr-course/app/modules/ring_buf/queue.c##6c44d76bc31ad1043880c93c03302d42.gcov.json.gz is included (trace)...
(DEBUG)   No filter matched.
(DEBUG) --> File is excluded.
(DEBUG) Check if /home/federico/Documents/Curso_Zephyr/taskworkspace/deps/zephyr/kernel/queue.c is included (source file)...
(DEBUG)   No filter matched.
(DEBUG) --> File is excluded.
(DEBUG) Check if /home/federico/Documents/Curso_Zephyr/taskworkspace/deps/zephyr/kernel/include/ksched.h is included (source file)...
(DEBUG) --> File is excluded.
(DEBUG) Check if /home/federico/Documents/Curso_Zephyr/taskworkspace/deps/zephyr/kernel/include/kthread.h is included (source file)...
(DEBUG) --> File is excluded.
(DEBUG) Check if /home/federico/Documents/Curso_Zephyr/taskworkspace/deps/zephyr/kernel/include/kernel_internal.h is included (source file)...
(DEBUG) --> File is excluded.
(DEBUG) Check if /home/federico/Documents/Curso_Zephyr/taskworkspace/deps/zephyr/arch/posix/include/kernel_arch_func.h is included (source file)...
(DEBUG) --> File is excluded.
(DEBUG) Check if /home/federico/Documents/Curso_Zephyr/taskworkspace/deps/zephyr/kernel/include/wait_q.h is included (source file)...
(DEBUG) --> File is excluded.
(DEBUG) Check if /home/federico/Documents/Curso_Zephyr/taskworkspace/deps/zephyr/kernel/include/priority_q.h is included (source file)...
(DEBUG) --> File is excluded.
(DEBUG) Check if /home/federico/Documents/Curso_Zephyr/taskworkspace/deps/zephyr/kernel/include/timeout_q.h is included (source file)...
(DEBUG) --> File is excluded.
(DEBUG) Check if /home/federico/Documents/Curso_Zephyr/taskworkspace/deps/zephyr/include/zephyr/sys/internal/kobject_internal.h is included (source file)...
(DEBUG) --> File is excluded.
(DEBUG) Check if /home/federico/Documents/Curso_Zephyr/taskworkspace/deps/zephyr/include/zephyr/spinlock.h is included (source file)...
(DEBUG) --> File is excluded.
(DEBUG) Check if /home/federico/Documents/Curso_Zephyr/taskworkspace/deps/zephyr/include/zephyr/arch/posix/arch.h is included (source file)...
(DEBUG) --> File is excluded.
(DEBUG) Check if /home/federico/Documents/Curso_Zephyr/taskworkspace/deps/zephyr/include/zephyr/sys/sflist.h is included (source file)...
(DEBUG)   No filter matched.
(DEBUG) --> File is excluded.
(DEBUG) Check if /home/federico/Documents/Curso_Zephyr/taskworkspace/deps/zephyr/include/zephyr/sys/slist.h is included (source file)...
(DEBUG) --> File is excluded.
(DEBUG) Check if /home/federico/Documents/Curso_Zephyr/taskworkspace/deps/zephyr/include/zephyr/sys/dlist.h is included (source file)...
(DEBUG) --> File is excluded.
(DEBUG) Check if /home/federico/Documents/Curso_Zephyr/taskworkspace/zephyr-course/twister-out/native_sim_native/host/homework.unit.ring_buf/zephyr/kernel/CMakeFiles/kernel.dir/sched.c.gcda is included (trace)...
(DEBUG)   No filter matched.
(DEBUG) --> File is excluded.
(DEBUG) Check if /home/federico/Documents/Curso_Zephyr/taskworkspace/zephyr-course/twister-out/native_sim_native/host/homework.unit.ring_buf/zephyr/kernel/CMakeFiles/kernel.dir/sched.c.gcda is included (trace)...
(DEBUG) --> File is excluded.
(DEBUG) Check if sched.c##25df51adde35cc92b514136a27c12428.gcov.json.gz is included (gcov file)...
(DEBUG)   Filter AlwaysMatchFilter() matched.
(DEBUG) --> File is included.
(DEBUG) Check if /home/federico/Documents/Curso_Zephyr/taskworkspace/zephyr-course/app/modules/ring_buf/sched.c##25df51adde35cc92b514136a27c12428.gcov.json.gz is included (trace)...
(DEBUG)   No filter matched.
(DEBUG) --> File is excluded.
(DEBUG) Check if /home/federico/Documents/Curso_Zephyr/taskworkspace/deps/zephyr/kernel/sched.c is included (source file)...
(DEBUG)   No filter matched.
(DEBUG) --> File is excluded.
(DEBUG) Check if /home/federico/Documents/Curso_Zephyr/taskworkspace/deps/zephyr/include/zephyr/logging/log_msg.h is included (source file)...
(DEBUG) --> File is excluded.
(DEBUG) Check if /home/federico/Documents/Curso_Zephyr/taskworkspace/deps/zephyr/kernel/include/kswap.h is included (source file)...
(DEBUG) --> File is excluded.
(DEBUG) Check if /home/federico/Documents/Curso_Zephyr/taskworkspace/deps/zephyr/kernel/include/wait_q.h is included (source file)...
(DEBUG) --> File is excluded.
(DEBUG) Check if /home/federico/Documents/Curso_Zephyr/taskworkspace/deps/zephyr/kernel/include/ksched.h is included (source file)...
(DEBUG) --> File is excluded.
(DEBUG) Check if /home/federico/Documents/Curso_Zephyr/taskworkspace/deps/zephyr/kernel/include/priority_q.h is included (source file)...
(DEBUG) --> File is excluded.
(DEBUG) Check if /home/federico/Documents/Curso_Zephyr/taskworkspace/deps/zephyr/kernel/include/kthread.h is included (source file)...
(DEBUG) --> File is excluded.
(DEBUG) Check if /home/federico/Documents/Curso_Zephyr/taskworkspace/deps/zephyr/kernel/include/timeout_q.h is included (source file)...
(DEBUG) --> File is excluded.
(DEBUG) Check if /home/federico/Documents/Curso_Zephyr/taskworkspace/deps/zephyr/kernel/include/kernel_internal.h is included (source file)...
(DEBUG) --> File is excluded.
(DEBUG) Check if /home/federico/Documents/Curso_Zephyr/taskworkspace/deps/zephyr/arch/posix/include/kernel_arch_func.h is included (source file)...
(DEBUG) --> File is excluded.
(DEBUG) Check if /home/federico/Documents/Curso_Zephyr/taskworkspace/zephyr-course/twister-out/native_sim_native/host/homework.unit.ring_buf/zephyr/include/generated/zephyr/syscalls/kernel.h is included (source file)...
(DEBUG) --> File is excluded.
(DEBUG) Check if /home/federico/Documents/Curso_Zephyr/taskworkspace/deps/zephyr/include/zephyr/kernel.h is included (source file)...
(DEBUG) --> File is excluded.
(DEBUG) Check if /home/federico/Documents/Curso_Zephyr/taskworkspace/deps/zephyr/include/zephyr/spinlock.h is included (source file)...
(DEBUG) --> File is excluded.
(DEBUG) Check if /home/federico/Documents/Curso_Zephyr/taskworkspace/deps/zephyr/include/zephyr/arch/posix/arch.h is included (source file)...
(DEBUG) --> File is excluded.
(DEBUG) Check if /home/federico/Documents/Curso_Zephyr/taskworkspace/deps/zephyr/include/zephyr/sys/dlist.h is included (source file)...
(DEBUG) --> File is excluded.
(DEBUG) Check if /home/federico/Documents/Curso_Zephyr/taskworkspace/zephyr-course/twister-out/native_sim_native/host/homework.unit.ring_buf/zephyr/kernel/CMakeFiles/kernel.dir/sem.c.gcda is included (trace)...
(DEBUG)   No filter matched.
(DEBUG) --> File is excluded.
(DEBUG) Check if /home/federico/Documents/Curso_Zephyr/taskworkspace/zephyr-course/twister-out/native_sim_native/host/homework.unit.ring_buf/zephyr/kernel/CMakeFiles/kernel.dir/sem.c.gcda is included (trace)...
(DEBUG) --> File is excluded.
(DEBUG) Check if sem.c##ba490e1d34325e0d5acb598248e9bd2e.gcov.json.gz is included (gcov file)...
(DEBUG)   Filter AlwaysMatchFilter() matched.
(DEBUG) --> File is included.
(DEBUG) Check if /home/federico/Documents/Curso_Zephyr/taskworkspace/zephyr-course/app/modules/ring_buf/sem.c##ba490e1d34325e0d5acb598248e9bd2e.gcov.json.gz is included (trace)...
(DEBUG)   No filter matched.
(DEBUG) --> File is excluded.
(DEBUG) Check if /home/federico/Documents/Curso_Zephyr/taskworkspace/deps/zephyr/kernel/sem.c is included (source file)...
(DEBUG)   No filter matched.
(DEBUG) --> File is excluded.
(DEBUG) Check if /home/federico/Documents/Curso_Zephyr/taskworkspace/deps/zephyr/kernel/include/ksched.h is included (source file)...
(DEBUG) --> File is excluded.
(DEBUG) Check if /home/federico/Documents/Curso_Zephyr/taskworkspace/deps/zephyr/kernel/include/kthread.h is included (source file)...
(DEBUG) --> File is excluded.
(DEBUG) Check if /home/federico/Documents/Curso_Zephyr/taskworkspace/deps/zephyr/arch/posix/include/kernel_arch_func.h is included (source file)...
(DEBUG) --> File is excluded.
(DEBUG) Check if /home/federico/Documents/Curso_Zephyr/taskworkspace/deps/zephyr/kernel/include/wait_q.h is included (source file)...
(DEBUG) --> File is excluded.
(DEBUG) Check if /home/federico/Documents/Curso_Zephyr/taskworkspace/deps/zephyr/kernel/include/priority_q.h is included (source file)...
(DEBUG) --> File is excluded.
(DEBUG) Check if /home/federico/Documents/Curso_Zephyr/taskworkspace/deps/zephyr/kernel/include/timeout_q.h is included (source file)...
(DEBUG) --> File is excluded.
(DEBUG) Check if /home/federico/Documents/Curso_Zephyr/taskworkspace/deps/zephyr/include/zephyr/sys/internal/kobject_internal.h is included (source file)...
(DEBUG) --> File is excluded.
(DEBUG) Check if /home/federico/Documents/Curso_Zephyr/taskworkspace/deps/zephyr/include/zephyr/spinlock.h is included (source file)...
(DEBUG) --> File is excluded.
(DEBUG) Check if /home/federico/Documents/Curso_Zephyr/taskworkspace/deps/zephyr/include/zephyr/arch/posix/arch.h is included (source file)...
(DEBUG) --> File is excluded.
(DEBUG) Check if /home/federico/Documents/Curso_Zephyr/taskworkspace/deps/zephyr/include/zephyr/sys/dlist.h is included (source file)...
(DEBUG) --> File is excluded.
(DEBUG) Check if /home/federico/Documents/Curso_Zephyr/taskworkspace/zephyr-course/twister-out/native_sim_native/host/homework.unit.ring_buf/zephyr/kernel/CMakeFiles/kernel.dir/spinlock_validate.c.gcda is included (trace)...
(DEBUG)   No filter matched.
(DEBUG) --> File is excluded.
(DEBUG) Check if /home/federico/Documents/Curso_Zephyr/taskworkspace/zephyr-course/twister-out/native_sim_native/host/homework.unit.ring_buf/zephyr/kernel/CMakeFiles/kernel.dir/spinlock_validate.c.gcda is included (trace)...
(DEBUG) --> File is excluded.
(DEBUG) Check if spinlock_validate.c##753ffbbe28916c0932e88917705ea4de.gcov.json.gz is included (gcov file)...
(DEBUG)   Filter AlwaysMatchFilter() matched.
(DEBUG) --> File is included.
(DEBUG) Check if /home/federico/Documents/Curso_Zephyr/taskworkspace/zephyr-course/app/modules/ring_buf/spinlock_validate.c##753ffbbe28916c0932e88917705ea4de.gcov.json.gz is included (trace)...
(DEBUG)   No filter matched.
(DEBUG) --> File is excluded.
(DEBUG) Check if /home/federico/Documents/Curso_Zephyr/taskworkspace/deps/zephyr/kernel/spinlock_validate.c is included (source file)...
(DEBUG)   No filter matched.
(DEBUG) --> File is excluded.
(DEBUG) Check if /home/federico/Documents/Curso_Zephyr/taskworkspace/deps/zephyr/arch/posix/include/kernel_arch_func.h is included (source file)...
(DEBUG) --> File is excluded.
(DEBUG) Check if /home/federico/Documents/Curso_Zephyr/taskworkspace/zephyr-course/twister-out/native_sim_native/host/homework.unit.ring_buf/zephyr/kernel/CMakeFiles/kernel.dir/stack.c.gcno is included (trace)...
(DEBUG)   No filter matched.
(DEBUG) --> File is excluded.
(DEBUG) Check if /home/federico/Documents/Curso_Zephyr/taskworkspace/zephyr-course/twister-out/native_sim_native/host/homework.unit.ring_buf/zephyr/kernel/CMakeFiles/kernel.dir/stack.c.gcno is included (trace)...
(DEBUG) --> File is excluded.
(DEBUG) Check if stack.c##9da3df30d42f80bfee3affc931dab440.gcov.json.gz is included (gcov file)...
(DEBUG)   Filter AlwaysMatchFilter() matched.
(DEBUG) --> File is included.
(DEBUG) Check if /home/federico/Documents/Curso_Zephyr/taskworkspace/zephyr-course/app/modules/ring_buf/stack.c##9da3df30d42f80bfee3affc931dab440.gcov.json.gz is included (trace)...
(DEBUG)   No filter matched.
(DEBUG) --> File is excluded.
(DEBUG) Check if /home/federico/Documents/Curso_Zephyr/taskworkspace/deps/zephyr/kernel/stack.c is included (source file)...
(DEBUG)   No filter matched.
(DEBUG) --> File is excluded.
(DEBUG) Check if /home/federico/Documents/Curso_Zephyr/taskworkspace/deps/zephyr/kernel/include/wait_q.h is included (source file)...
(DEBUG) --> File is excluded.
(DEBUG) Check if /home/federico/Documents/Curso_Zephyr/taskworkspace/deps/zephyr/kernel/include/ksched.h is included (source file)...
(DEBUG) --> File is excluded.
(DEBUG) Check if /home/federico/Documents/Curso_Zephyr/taskworkspace/deps/zephyr/kernel/include/priority_q.h is included (source file)...
(DEBUG) --> File is excluded.
(DEBUG) Check if /home/federico/Documents/Curso_Zephyr/taskworkspace/deps/zephyr/kernel/include/kthread.h is included (source file)...
(DEBUG) --> File is excluded.
(DEBUG) Check if /home/federico/Documents/Curso_Zephyr/taskworkspace/deps/zephyr/kernel/include/timeout_q.h is included (source file)...
(DEBUG) --> File is excluded.
(DEBUG) Check if /home/federico/Documents/Curso_Zephyr/taskworkspace/deps/zephyr/kernel/include/kernel_internal.h is included (source file)...
(DEBUG) --> File is excluded.
(DEBUG) Check if /home/federico/Documents/Curso_Zephyr/taskworkspace/deps/zephyr/arch/posix/include/kernel_arch_func.h is included (source file)...
(DEBUG) --> File is excluded.
(DEBUG) Check if /home/federico/Documents/Curso_Zephyr/taskworkspace/deps/zephyr/include/zephyr/sys/internal/kobject_internal.h is included (source file)...
(DEBUG) --> File is excluded.
(DEBUG) Check if /home/federico/Documents/Curso_Zephyr/taskworkspace/deps/zephyr/include/zephyr/spinlock.h is included (source file)...
(DEBUG) --> File is excluded.
(DEBUG) Check if /home/federico/Documents/Curso_Zephyr/taskworkspace/deps/zephyr/include/zephyr/arch/posix/arch.h is included (source file)...
(DEBUG) --> File is excluded.
(DEBUG) Check if /home/federico/Documents/Curso_Zephyr/taskworkspace/deps/zephyr/include/zephyr/sys/dlist.h is included (source file)...
(DEBUG) --> File is excluded.
(DEBUG) Check if /home/federico/Documents/Curso_Zephyr/taskworkspace/zephyr-course/twister-out/native_sim_native/host/homework.unit.ring_buf/zephyr/kernel/CMakeFiles/kernel.dir/system_work_q.c.gcno is included (trace)...
(DEBUG)   No filter matched.
(DEBUG) --> File is excluded.
(DEBUG) Check if /home/federico/Documents/Curso_Zephyr/taskworkspace/zephyr-course/twister-out/native_sim_native/host/homework.unit.ring_buf/zephyr/kernel/CMakeFiles/kernel.dir/system_work_q.c.gcno is included (trace)...
(DEBUG) --> File is excluded.
(DEBUG) Check if system_work_q.c##c5505f7ea4a40521a5000f2a8fbc56e4.gcov.json.gz is included (gcov file)...
(DEBUG)   Filter AlwaysMatchFilter() matched.
(DEBUG) --> File is included.
(DEBUG) Check if /home/federico/Documents/Curso_Zephyr/taskworkspace/zephyr-course/app/modules/ring_buf/system_work_q.c##c5505f7ea4a40521a5000f2a8fbc56e4.gcov.json.gz is included (trace)...
(DEBUG)   No filter matched.
(DEBUG) --> File is excluded.
(DEBUG) Check if /home/federico/Documents/Curso_Zephyr/taskworkspace/deps/zephyr/kernel/system_work_q.c is included (source file)...
(DEBUG)   No filter matched.
(DEBUG) --> File is excluded.
(DEBUG) Check if /home/federico/Documents/Curso_Zephyr/taskworkspace/zephyr-course/twister-out/native_sim_native/host/homework.unit.ring_buf/zephyr/kernel/CMakeFiles/kernel.dir/thread.c.gcda is included (trace)...
(DEBUG)   No filter matched.
(DEBUG) --> File is excluded.
(DEBUG) Check if /home/federico/Documents/Curso_Zephyr/taskworkspace/zephyr-course/twister-out/native_sim_native/host/homework.unit.ring_buf/zephyr/kernel/CMakeFiles/kernel.dir/thread.c.gcda is included (trace)...
(DEBUG) --> File is excluded.
(DEBUG) Check if thread.c##81593b0a4c70be42b70473cc9235e477.gcov.json.gz is included (gcov file)...
(DEBUG)   Filter AlwaysMatchFilter() matched.
(DEBUG) --> File is included.
(DEBUG) Check if /home/federico/Documents/Curso_Zephyr/taskworkspace/zephyr-course/app/modules/ring_buf/thread.c##81593b0a4c70be42b70473cc9235e477.gcov.json.gz is included (trace)...
(DEBUG)   No filter matched.
(DEBUG) --> File is excluded.
(DEBUG) Check if /home/federico/Documents/Curso_Zephyr/taskworkspace/deps/zephyr/kernel/thread.c is included (source file)...
(DEBUG)   No filter matched.
(DEBUG) --> File is excluded.
(DEBUG) Check if /home/federico/Documents/Curso_Zephyr/taskworkspace/deps/zephyr/include/zephyr/logging/log_msg.h is included (source file)...
(DEBUG) --> File is excluded.
(DEBUG) Check if /home/federico/Documents/Curso_Zephyr/taskworkspace/deps/zephyr/kernel/include/wait_q.h is included (source file)...
(DEBUG) --> File is excluded.
(DEBUG) Check if /home/federico/Documents/Curso_Zephyr/taskworkspace/deps/zephyr/kernel/include/kthread.h is included (source file)...
(DEBUG) --> File is excluded.
(DEBUG) Check if /home/federico/Documents/Curso_Zephyr/taskworkspace/deps/zephyr/kernel/include/timeout_q.h is included (source file)...
(DEBUG) --> File is excluded.
(DEBUG) Check if /home/federico/Documents/Curso_Zephyr/taskworkspace/deps/zephyr/arch/posix/include/kernel_arch_func.h is included (source file)...
(DEBUG) --> File is excluded.
(DEBUG) Check if /home/federico/Documents/Curso_Zephyr/taskworkspace/zephyr-course/twister-out/native_sim_native/host/homework.unit.ring_buf/zephyr/include/generated/zephyr/syscalls/kernel.h is included (source file)...
(DEBUG) --> File is excluded.
(DEBUG) Check if /home/federico/Documents/Curso_Zephyr/taskworkspace/deps/zephyr/include/zephyr/kernel.h is included (source file)...
(DEBUG) --> File is excluded.
(DEBUG) Check if /home/federico/Documents/Curso_Zephyr/taskworkspace/deps/zephyr/include/zephyr/kernel/thread_stack.h is included (source file)...
(DEBUG) --> File is excluded.
(DEBUG) Check if /home/federico/Documents/Curso_Zephyr/taskworkspace/deps/zephyr/include/zephyr/sys/dlist.h is included (source file)...
(DEBUG) --> File is excluded.
(DEBUG) Check if /home/federico/Documents/Curso_Zephyr/taskworkspace/zephyr-course/twister-out/native_sim_native/host/homework.unit.ring_buf/zephyr/kernel/CMakeFiles/kernel.dir/timeout.c.gcda is included (trace)...
(DEBUG)   No filter matched.
(DEBUG) --> File is excluded.
(DEBUG) Check if /home/federico/Documents/Curso_Zephyr/taskworkspace/zephyr-course/twister-out/native_sim_native/host/homework.unit.ring_buf/zephyr/kernel/CMakeFiles/kernel.dir/timeout.c.gcda is included (trace)...
(DEBUG) --> File is excluded.
(DEBUG) Check if timeout.c##5b4478ffc8456581cc37e7f4f2e53cde.gcov.json.gz is included (gcov file)...
(DEBUG)   Filter AlwaysMatchFilter() matched.
(DEBUG) --> File is included.
(DEBUG) Check if /home/federico/Documents/Curso_Zephyr/taskworkspace/zephyr-course/app/modules/ring_buf/timeout.c##5b4478ffc8456581cc37e7f4f2e53cde.gcov.json.gz is included (trace)...
(DEBUG)   No filter matched.
(DEBUG) --> File is excluded.
(DEBUG) Check if /home/federico/Documents/Curso_Zephyr/taskworkspace/deps/zephyr/kernel/timeout.c is included (source file)...
(DEBUG)   No filter matched.
(DEBUG) --> File is excluded.
(DEBUG) Check if /home/federico/Documents/Curso_Zephyr/taskworkspace/deps/zephyr/kernel/include/timeout_q.h is included (source file)...
(DEBUG) --> File is excluded.
(DEBUG) Check if /home/federico/Documents/Curso_Zephyr/taskworkspace/deps/zephyr/include/zephyr/spinlock.h is included (source file)...
(DEBUG) --> File is excluded.
(DEBUG) Check if /home/federico/Documents/Curso_Zephyr/taskworkspace/deps/zephyr/include/zephyr/arch/posix/arch.h is included (source file)...
(DEBUG) --> File is excluded.
(DEBUG) Check if /home/federico/Documents/Curso_Zephyr/taskworkspace/deps/zephyr/include/zephyr/sys/dlist.h is included (source file)...
(DEBUG) --> File is excluded.
(DEBUG) Check if /home/federico/Documents/Curso_Zephyr/taskworkspace/zephyr-course/twister-out/native_sim_native/host/homework.unit.ring_buf/zephyr/kernel/CMakeFiles/kernel.dir/timer.c.gcda is included (trace)...
(DEBUG)   No filter matched.
(DEBUG) --> File is excluded.
(DEBUG) Check if /home/federico/Documents/Curso_Zephyr/taskworkspace/zephyr-course/twister-out/native_sim_native/host/homework.unit.ring_buf/zephyr/kernel/CMakeFiles/kernel.dir/timer.c.gcda is included (trace)...
(DEBUG) --> File is excluded.
(DEBUG) Check if timer.c##23453ca74bc2632955bd5863f38cd0eb.gcov.json.gz is included (gcov file)...
(DEBUG)   Filter AlwaysMatchFilter() matched.
(DEBUG) --> File is included.
(DEBUG) Check if /home/federico/Documents/Curso_Zephyr/taskworkspace/zephyr-course/app/modules/ring_buf/timer.c##23453ca74bc2632955bd5863f38cd0eb.gcov.json.gz is included (trace)...
(DEBUG)   No filter matched.
(DEBUG) --> File is excluded.
(DEBUG) Check if /home/federico/Documents/Curso_Zephyr/taskworkspace/deps/zephyr/kernel/timer.c is included (source file)...
(DEBUG)   No filter matched.
(DEBUG) --> File is excluded.
(DEBUG) Check if /home/federico/Documents/Curso_Zephyr/taskworkspace/deps/zephyr/kernel/include/wait_q.h is included (source file)...
(DEBUG) --> File is excluded.
(DEBUG) Check if /home/federico/Documents/Curso_Zephyr/taskworkspace/deps/zephyr/kernel/include/ksched.h is included (source file)...
(DEBUG) --> File is excluded.
(DEBUG) Check if /home/federico/Documents/Curso_Zephyr/taskworkspace/deps/zephyr/kernel/include/timeout_q.h is included (source file)...
(DEBUG) --> File is excluded.
(DEBUG) Check if /home/federico/Documents/Curso_Zephyr/taskworkspace/deps/zephyr/arch/posix/include/kernel_arch_func.h is included (source file)...
(DEBUG) --> File is excluded.
(DEBUG) Check if /home/federico/Documents/Curso_Zephyr/taskworkspace/zephyr-course/twister-out/native_sim_native/host/homework.unit.ring_buf/zephyr/include/generated/zephyr/syscalls/kernel.h is included (source file)...
(DEBUG) --> File is excluded.
(DEBUG) Check if /home/federico/Documents/Curso_Zephyr/taskworkspace/deps/zephyr/include/zephyr/sys/internal/kobject_internal.h is included (source file)...
(DEBUG) --> File is excluded.
(DEBUG) Check if /home/federico/Documents/Curso_Zephyr/taskworkspace/deps/zephyr/include/zephyr/spinlock.h is included (source file)...
(DEBUG) --> File is excluded.
(DEBUG) Check if /home/federico/Documents/Curso_Zephyr/taskworkspace/deps/zephyr/include/zephyr/arch/posix/arch.h is included (source file)...
(DEBUG) --> File is excluded.
(DEBUG) Check if /home/federico/Documents/Curso_Zephyr/taskworkspace/deps/zephyr/include/zephyr/sys/dlist.h is included (source file)...
(DEBUG) --> File is excluded.
(DEBUG) Check if /home/federico/Documents/Curso_Zephyr/taskworkspace/zephyr-course/twister-out/native_sim_native/host/homework.unit.ring_buf/zephyr/kernel/CMakeFiles/kernel.dir/timeslicing.c.gcda is included (trace)...
(DEBUG)   No filter matched.
(DEBUG) --> File is excluded.
(DEBUG) Check if /home/federico/Documents/Curso_Zephyr/taskworkspace/zephyr-course/twister-out/native_sim_native/host/homework.unit.ring_buf/zephyr/kernel/CMakeFiles/kernel.dir/timeslicing.c.gcda is included (trace)...
(DEBUG) --> File is excluded.
(DEBUG) Check if timeslicing.c##2de7e9f14ac3cf20f0c461c0ebd733cc.gcov.json.gz is included (gcov file)...
(DEBUG)   Filter AlwaysMatchFilter() matched.
(DEBUG) --> File is included.
(DEBUG) Check if /home/federico/Documents/Curso_Zephyr/taskworkspace/zephyr-course/app/modules/ring_buf/timeslicing.c##2de7e9f14ac3cf20f0c461c0ebd733cc.gcov.json.gz is included (trace)...
(DEBUG)   No filter matched.
(DEBUG) --> File is excluded.
(DEBUG) Check if /home/federico/Documents/Curso_Zephyr/taskworkspace/deps/zephyr/kernel/timeslicing.c is included (source file)...
(DEBUG)   No filter matched.
(DEBUG) --> File is excluded.
(DEBUG) Check if /home/federico/Documents/Curso_Zephyr/taskworkspace/deps/zephyr/kernel/include/ksched.h is included (source file)...
(DEBUG) --> File is excluded.
(DEBUG) Check if /home/federico/Documents/Curso_Zephyr/taskworkspace/deps/zephyr/kernel/include/kthread.h is included (source file)...
(DEBUG) --> File is excluded.
(DEBUG) Check if /home/federico/Documents/Curso_Zephyr/taskworkspace/deps/zephyr/include/zephyr/spinlock.h is included (source file)...
(DEBUG) --> File is excluded.
(DEBUG) Check if /home/federico/Documents/Curso_Zephyr/taskworkspace/deps/zephyr/include/zephyr/arch/posix/arch.h is included (source file)...
(DEBUG) --> File is excluded.
(DEBUG) Check if /home/federico/Documents/Curso_Zephyr/taskworkspace/zephyr-course/twister-out/native_sim_native/host/homework.unit.ring_buf/zephyr/kernel/CMakeFiles/kernel.dir/version.c.gcno is included (trace)...
(DEBUG)   No filter matched.
(DEBUG) --> File is excluded.
(DEBUG) Check if /home/federico/Documents/Curso_Zephyr/taskworkspace/zephyr-course/twister-out/native_sim_native/host/homework.unit.ring_buf/zephyr/kernel/CMakeFiles/kernel.dir/version.c.gcno is included (trace)...
(DEBUG) --> File is excluded.
(DEBUG) Check if version.c##d7216b2bf10534704d98ffb4129e2a7f.gcov.json.gz is included (gcov file)...
(DEBUG)   Filter AlwaysMatchFilter() matched.
(DEBUG) --> File is included.
(DEBUG) Check if /home/federico/Documents/Curso_Zephyr/taskworkspace/zephyr-course/app/modules/ring_buf/version.c##d7216b2bf10534704d98ffb4129e2a7f.gcov.json.gz is included (trace)...
(DEBUG)   No filter matched.
(DEBUG) --> File is excluded.
(DEBUG) Check if /home/federico/Documents/Curso_Zephyr/taskworkspace/deps/zephyr/kernel/version.c is included (source file)...
(DEBUG)   No filter matched.
(DEBUG) --> File is excluded.
(DEBUG) Check if /home/federico/Documents/Curso_Zephyr/taskworkspace/zephyr-course/twister-out/native_sim_native/host/homework.unit.ring_buf/zephyr/kernel/CMakeFiles/kernel.dir/work.c.gcno is included (trace)...
(DEBUG)   No filter matched.
(DEBUG) --> File is excluded.
(DEBUG) Check if /home/federico/Documents/Curso_Zephyr/taskworkspace/zephyr-course/twister-out/native_sim_native/host/homework.unit.ring_buf/zephyr/kernel/CMakeFiles/kernel.dir/work.c.gcno is included (trace)...
(DEBUG) --> File is excluded.
(DEBUG) Check if work.c##a9ab90bf4be6645eb266d486514e0001.gcov.json.gz is included (gcov file)...
(DEBUG)   Filter AlwaysMatchFilter() matched.
(DEBUG) --> File is included.
(DEBUG) Check if /home/federico/Documents/Curso_Zephyr/taskworkspace/zephyr-course/app/modules/ring_buf/work.c##a9ab90bf4be6645eb266d486514e0001.gcov.json.gz is included (trace)...
(DEBUG)   No filter matched.
(DEBUG) --> File is excluded.
(DEBUG) Check if /home/federico/Documents/Curso_Zephyr/taskworkspace/deps/zephyr/kernel/work.c is included (source file)...
(DEBUG)   No filter matched.
(DEBUG) --> File is excluded.
(DEBUG) Check if /home/federico/Documents/Curso_Zephyr/taskworkspace/deps/zephyr/kernel/include/ksched.h is included (source file)...
(DEBUG) --> File is excluded.
(DEBUG) Check if /home/federico/Documents/Curso_Zephyr/taskworkspace/deps/zephyr/kernel/include/wait_q.h is included (source file)...
(DEBUG) --> File is excluded.
(DEBUG) Check if /home/federico/Documents/Curso_Zephyr/taskworkspace/deps/zephyr/kernel/include/timeout_q.h is included (source file)...
(DEBUG) --> File is excluded.
(DEBUG) Check if /home/federico/Documents/Curso_Zephyr/taskworkspace/zephyr-course/twister-out/native_sim_native/host/homework.unit.ring_buf/zephyr/include/generated/zephyr/syscalls/kernel.h is included (source file)...
(DEBUG) --> File is excluded.
(DEBUG) Check if /home/federico/Documents/Curso_Zephyr/taskworkspace/deps/zephyr/include/zephyr/kernel.h is included (source file)...
(DEBUG) --> File is excluded.
(DEBUG) Check if /home/federico/Documents/Curso_Zephyr/taskworkspace/deps/zephyr/include/zephyr/spinlock.h is included (source file)...
(DEBUG) --> File is excluded.
(DEBUG) Check if /home/federico/Documents/Curso_Zephyr/taskworkspace/deps/zephyr/include/zephyr/arch/posix/arch.h is included (source file)...
(DEBUG) --> File is excluded.
(DEBUG) Check if /home/federico/Documents/Curso_Zephyr/taskworkspace/deps/zephyr/include/zephyr/sys/slist.h is included (source file)...
(DEBUG) --> File is excluded.
(DEBUG) Check if /home/federico/Documents/Curso_Zephyr/taskworkspace/deps/zephyr/include/zephyr/sys/dlist.h is included (source file)...
(DEBUG) --> File is excluded.
(DEBUG) Check if /home/federico/Documents/Curso_Zephyr/taskworkspace/zephyr-course/twister-out/native_sim_native/host/homework.unit.ring_buf/zephyr/soc/soc/native/CMakeFiles/soc__native__inf_clock.dir/native_remap.c.gcda is included (trace)...
(DEBUG)   No filter matched.
(DEBUG) --> File is excluded.
(DEBUG) Check if /home/federico/Documents/Curso_Zephyr/taskworkspace/zephyr-course/twister-out/native_sim_native/host/homework.unit.ring_buf/zephyr/soc/soc/native/CMakeFiles/soc__native__inf_clock.dir/native_remap.c.gcda is included (trace)...
(DEBUG) --> File is excluded.
(DEBUG) Check if native_remap.c##8afa44bd6ea95b90b4ab2381730e5f7a.gcov.json.gz is included (gcov file)...
(DEBUG)   Filter AlwaysMatchFilter() matched.
(DEBUG) --> File is included.
(DEBUG) Check if /home/federico/Documents/Curso_Zephyr/taskworkspace/zephyr-course/app/modules/ring_buf/native_remap.c##8afa44bd6ea95b90b4ab2381730e5f7a.gcov.json.gz is included (trace)...
(DEBUG)   No filter matched.
(DEBUG) --> File is excluded.
(DEBUG) Check if /home/federico/Documents/Curso_Zephyr/taskworkspace/deps/zephyr/soc/native/inf_clock/native_remap.c is included (source file)...
(DEBUG)   No filter matched.
(DEBUG) --> File is excluded.
(DEBUG) Check if /home/federico/Documents/Curso_Zephyr/taskworkspace/zephyr-course/twister-out/native_sim_native/host/homework.unit.ring_buf/zephyr/soc/soc/native/CMakeFiles/soc__native__inf_clock.dir/native_tasks.c.gcda is included (trace)...
(DEBUG)   No filter matched.
(DEBUG) --> File is excluded.
(DEBUG) Check if /home/federico/Documents/Curso_Zephyr/taskworkspace/zephyr-course/twister-out/native_sim_native/host/homework.unit.ring_buf/zephyr/soc/soc/native/CMakeFiles/soc__native__inf_clock.dir/native_tasks.c.gcda is included (trace)...
(DEBUG) --> File is excluded.
(DEBUG) Check if native_tasks.c##f102c766f97b71a88fadb07b0a1d75ff.gcov.json.gz is included (gcov file)...
(DEBUG)   Filter AlwaysMatchFilter() matched.
(DEBUG) --> File is included.
(DEBUG) Check if /home/federico/Documents/Curso_Zephyr/taskworkspace/zephyr-course/app/modules/ring_buf/native_tasks.c##f102c766f97b71a88fadb07b0a1d75ff.gcov.json.gz is included (trace)...
(DEBUG)   No filter matched.
(DEBUG) --> File is excluded.
(DEBUG) Check if /home/federico/Documents/Curso_Zephyr/taskworkspace/deps/zephyr/soc/native/inf_clock/native_tasks.c is included (source file)...
(DEBUG)   No filter matched.
(DEBUG) --> File is excluded.
(DEBUG) Check if /home/federico/Documents/Curso_Zephyr/taskworkspace/zephyr-course/twister-out/native_sim_native/host/homework.unit.ring_buf/zephyr/soc/soc/native/CMakeFiles/soc__native__inf_clock.dir/soc.c.gcda is included (trace)...
(DEBUG)   No filter matched.
(DEBUG) --> File is excluded.
(DEBUG) Check if /home/federico/Documents/Curso_Zephyr/taskworkspace/zephyr-course/twister-out/native_sim_native/host/homework.unit.ring_buf/zephyr/soc/soc/native/CMakeFiles/soc__native__inf_clock.dir/soc.c.gcda is included (trace)...
(DEBUG) --> File is excluded.
(DEBUG) Check if soc.c##4ac800b4e9a8cbd380313f3141bacdb7.gcov.json.gz is included (gcov file)...
(DEBUG)   Filter AlwaysMatchFilter() matched.
(DEBUG) --> File is included.
(DEBUG) Check if /home/federico/Documents/Curso_Zephyr/taskworkspace/zephyr-course/app/modules/ring_buf/soc.c##4ac800b4e9a8cbd380313f3141bacdb7.gcov.json.gz is included (trace)...
(DEBUG)   No filter matched.
(DEBUG) --> File is excluded.
(DEBUG) Check if /home/federico/Documents/Curso_Zephyr/taskworkspace/deps/zephyr/soc/native/inf_clock/soc.c is included (source file)...
(DEBUG)   No filter matched.
(DEBUG) --> File is excluded.
(DEBUG) Check if /home/federico/Documents/Curso_Zephyr/taskworkspace/zephyr-course/twister-out/native_sim_native/host/homework.unit.ring_buf/zephyr/subsys/random/CMakeFiles/subsys__random.dir/random_test_csprng.c.gcda is included (trace)...
(DEBUG)   No filter matched.
(DEBUG) --> File is excluded.
(DEBUG) Check if /home/federico/Documents/Curso_Zephyr/taskworkspace/zephyr-course/twister-out/native_sim_native/host/homework.unit.ring_buf/zephyr/subsys/random/CMakeFiles/subsys__random.dir/random_test_csprng.c.gcda is included (trace)...
(DEBUG) --> File is excluded.
(DEBUG) Check if random_test_csprng.c##0457b25d49e1d4934b27c59e95ff65e4.gcov.json.gz is included (gcov file)...
(DEBUG)   Filter AlwaysMatchFilter() matched.
(DEBUG) --> File is included.
(DEBUG) Check if /home/federico/Documents/Curso_Zephyr/taskworkspace/zephyr-course/app/modules/ring_buf/random_test_csprng.c##0457b25d49e1d4934b27c59e95ff65e4.gcov.json.gz is included (trace)...
(DEBUG)   No filter matched.
(DEBUG) --> File is excluded.
(DEBUG) Check if /home/federico/Documents/Curso_Zephyr/taskworkspace/deps/zephyr/subsys/random/random_test_csprng.c is included (source file)...
(DEBUG)   No filter matched.
(DEBUG) --> File is excluded.
(DEBUG) Check if /home/federico/Documents/Curso_Zephyr/taskworkspace/zephyr-course/twister-out/native_sim_native/host/homework.unit.ring_buf/zephyr/include/generated/zephyr/syscalls/random.h is included (source file)...
(DEBUG)   No filter matched.
(DEBUG) --> File is excluded.
(DEBUG) Check if /home/federico/Documents/Curso_Zephyr/taskworkspace/zephyr-course/twister-out/native_sim_native/host/homework.unit.ring_buf/zephyr/subsys/random/CMakeFiles/subsys__random.dir/random_timer.c.gcda is included (trace)...
(DEBUG)   No filter matched.
(DEBUG) --> File is excluded.
(DEBUG) Check if /home/federico/Documents/Curso_Zephyr/taskworkspace/zephyr-course/twister-out/native_sim_native/host/homework.unit.ring_buf/zephyr/subsys/random/CMakeFiles/subsys__random.dir/random_timer.c.gcda is included (trace)...
(DEBUG) --> File is excluded.
(DEBUG) Check if random_timer.c##c3127987a236eddd4da705ec208a0a34.gcov.json.gz is included (gcov file)...
(DEBUG)   Filter AlwaysMatchFilter() matched.
(DEBUG) --> File is included.
(DEBUG) Check if /home/federico/Documents/Curso_Zephyr/taskworkspace/zephyr-course/app/modules/ring_buf/random_timer.c##c3127987a236eddd4da705ec208a0a34.gcov.json.gz is included (trace)...
(DEBUG)   No filter matched.
(DEBUG) --> File is excluded.
(DEBUG) Check if /home/federico/Documents/Curso_Zephyr/taskworkspace/deps/zephyr/subsys/random/random_timer.c is included (source file)...
(DEBUG)   No filter matched.
(DEBUG) --> File is excluded.
(DEBUG) Check if /home/federico/Documents/Curso_Zephyr/taskworkspace/deps/zephyr/include/zephyr/kernel.h is included (source file)...
(DEBUG) --> File is excluded.
(DEBUG) Check if /home/federico/Documents/Curso_Zephyr/taskworkspace/deps/zephyr/include/zephyr/spinlock.h is included (source file)...
(DEBUG) --> File is excluded.
(DEBUG) Check if /home/federico/Documents/Curso_Zephyr/taskworkspace/deps/zephyr/include/zephyr/arch/posix/arch.h is included (source file)...
(DEBUG) --> File is excluded.
(DEBUG) Check if /home/federico/Documents/Curso_Zephyr/taskworkspace/zephyr-course/twister-out/native_sim_native/host/homework.unit.ring_buf/zephyr/subsys/testsuite/ztest/CMakeFiles/subsys__testsuite__ztest.dir/src/ztest.c.gcda is included (trace)...
(DEBUG)   No filter matched.
(DEBUG) --> File is excluded.
(DEBUG) Check if /home/federico/Documents/Curso_Zephyr/taskworkspace/zephyr-course/twister-out/native_sim_native/host/homework.unit.ring_buf/zephyr/subsys/testsuite/ztest/CMakeFiles/subsys__testsuite__ztest.dir/src/ztest.c.gcda is included (trace)...
(DEBUG) --> File is excluded.
(DEBUG) Check if ztest.c##0366cd7159ce34214c34cf689276e3b8.gcov.json.gz is included (gcov file)...
(DEBUG)   Filter AlwaysMatchFilter() matched.
(DEBUG) --> File is included.
(DEBUG) Check if /home/federico/Documents/Curso_Zephyr/taskworkspace/zephyr-course/app/modules/ring_buf/ztest.c##0366cd7159ce34214c34cf689276e3b8.gcov.json.gz is included (trace)...
(DEBUG)   No filter matched.
(DEBUG) --> File is excluded.
(DEBUG) Check if /home/federico/Documents/Curso_Zephyr/taskworkspace/deps/zephyr/subsys/testsuite/ztest/src/ztest.c is included (source file)...
(DEBUG)   No filter matched.
(DEBUG) --> File is excluded.
(DEBUG) Check if /home/federico/Documents/Curso_Zephyr/taskworkspace/zephyr-course/twister-out/native_sim_native/host/homework.unit.ring_buf/zephyr/include/generated/zephyr/syscalls/random.h is included (source file)...
(DEBUG) --> File is excluded.
(DEBUG) Check if /home/federico/Documents/Curso_Zephyr/taskworkspace/deps/zephyr/include/zephyr/random/random.h is included (source file)...
(DEBUG)   No filter matched.
(DEBUG) --> File is excluded.
(DEBUG) Check if /home/federico/Documents/Curso_Zephyr/taskworkspace/zephyr-course/twister-out/native_sim_native/host/homework.unit.ring_buf/zephyr/include/generated/zephyr/syscalls/ztest_test.h is included (source file)...
(DEBUG)   No filter matched.
(DEBUG) --> File is excluded.
(DEBUG) Check if /home/federico/Documents/Curso_Zephyr/taskworkspace/zephyr-course/twister-out/native_sim_native/host/homework.unit.ring_buf/zephyr/include/generated/zephyr/syscalls/log_ctrl.h is included (source file)...
(DEBUG) --> File is excluded.
(DEBUG) Check if /home/federico/Documents/Curso_Zephyr/taskworkspace/deps/zephyr/include/zephyr/logging/log_ctrl.h is included (source file)...
(DEBUG)   No filter matched.
(DEBUG) --> File is excluded.
(DEBUG) Check if /home/federico/Documents/Curso_Zephyr/taskworkspace/deps/zephyr/subsys/testsuite/include/zephyr/tc_util.h is included (source file)...
(DEBUG)   No filter matched.
(DEBUG) --> File is excluded.
(DEBUG) Check if /home/federico/Documents/Curso_Zephyr/taskworkspace/zephyr-course/twister-out/native_sim_native/host/homework.unit.ring_buf/zephyr/include/generated/zephyr/syscalls/kernel.h is included (source file)...
(DEBUG) --> File is excluded.
(DEBUG) Check if /home/federico/Documents/Curso_Zephyr/taskworkspace/deps/zephyr/include/zephyr/kernel.h is included (source file)...
(DEBUG) --> File is excluded.
(DEBUG) Check if /home/federico/Documents/Curso_Zephyr/taskworkspace/zephyr-course/twister-out/native_sim_native/host/homework.unit.ring_buf/zephyr/include/generated/zephyr/syscalls/kobject.h is included (source file)...
(DEBUG)   No filter matched.
(DEBUG) --> File is excluded.
(DEBUG) Check if /home/federico/Documents/Curso_Zephyr/taskworkspace/deps/zephyr/include/zephyr/sys/kobject.h is included (source file)...
(DEBUG)   No filter matched.
(DEBUG) --> File is excluded.
(DEBUG) Check if /home/federico/Documents/Curso_Zephyr/taskworkspace/deps/zephyr/include/zephyr/arch/posix/arch.h is included (source file)...
(DEBUG) --> File is excluded.
(DEBUG) Check if /home/federico/Documents/Curso_Zephyr/taskworkspace/zephyr-course/twister-out/native_sim_native/host/homework.unit.ring_buf/zephyr/subsys/testsuite/ztest/CMakeFiles/subsys__testsuite__ztest.dir/src/ztest_error_hook.c.gcno is included (trace)...
(DEBUG)   No filter matched.
(DEBUG) --> File is excluded.
(DEBUG) Check if /home/federico/Documents/Curso_Zephyr/taskworkspace/zephyr-course/twister-out/native_sim_native/host/homework.unit.ring_buf/zephyr/subsys/testsuite/ztest/CMakeFiles/subsys__testsuite__ztest.dir/src/ztest_error_hook.c.gcno is included (trace)...
(DEBUG) --> File is excluded.
(DEBUG) Check if ztest_error_hook.c##29b542eb25543d13e867826071fab963.gcov.json.gz is included (gcov file)...
(DEBUG)   Filter AlwaysMatchFilter() matched.
(DEBUG) --> File is included.
(DEBUG) Check if /home/federico/Documents/Curso_Zephyr/taskworkspace/zephyr-course/app/modules/ring_buf/ztest_error_hook.c##29b542eb25543d13e867826071fab963.gcov.json.gz is included (trace)...
(DEBUG)   No filter matched.
(DEBUG) --> File is excluded.
(DEBUG) Check if /home/federico/Documents/Curso_Zephyr/taskworkspace/zephyr-course/twister-out/native_sim_native/host/homework.unit.ring_buf/zephyr/subsys/testsuite/ztest/CMakeFiles/subsys__testsuite__ztest.dir/src/ztest_posix.c.gcda is included (trace)...
(DEBUG)   No filter matched.
(DEBUG) --> File is excluded.
(DEBUG) Check if /home/federico/Documents/Curso_Zephyr/taskworkspace/zephyr-course/twister-out/native_sim_native/host/homework.unit.ring_buf/zephyr/subsys/testsuite/ztest/CMakeFiles/subsys__testsuite__ztest.dir/src/ztest_posix.c.gcda is included (trace)...
(DEBUG) --> File is excluded.
(DEBUG) Check if ztest_posix.c##1663f748591bc3ccc519f839fffaad5e.gcov.json.gz is included (gcov file)...
(DEBUG)   Filter AlwaysMatchFilter() matched.
(DEBUG) --> File is included.
(DEBUG) Check if /home/federico/Documents/Curso_Zephyr/taskworkspace/zephyr-course/app/modules/ring_buf/ztest_posix.c##1663f748591bc3ccc519f839fffaad5e.gcov.json.gz is included (trace)...
(DEBUG)   No filter matched.
(DEBUG) --> File is excluded.
(DEBUG) Check if /home/federico/Documents/Curso_Zephyr/taskworkspace/deps/zephyr/subsys/testsuite/ztest/src/ztest_posix.c is included (source file)...
(DEBUG)   No filter matched.
(DEBUG) --> File is excluded.
(DEBUG) Check if /home/federico/Documents/Curso_Zephyr/taskworkspace/zephyr-course/twister-out/native_sim_native/host/homework.unit.ring_buf/zephyr/include/generated/zephyr/syscalls/ztest_test.h is included (source file)...
(DEBUG) --> File is excluded.
(DEBUG) Check if /home/federico/Documents/Curso_Zephyr/taskworkspace/zephyr-course/twister-out/native_sim_native/host/homework.unit.ring_buf/zephyr/subsys/testsuite/ztest/CMakeFiles/subsys__testsuite__ztest.dir/src/ztest_rules.c.gcno is included (trace)...
(DEBUG)   No filter matched.
(DEBUG) --> File is excluded.
(DEBUG) Check if /home/federico/Documents/Curso_Zephyr/taskworkspace/zephyr-course/twister-out/native_sim_native/host/homework.unit.ring_buf/zephyr/subsys/testsuite/ztest/CMakeFiles/subsys__testsuite__ztest.dir/src/ztest_rules.c.gcno is included (trace)...
(DEBUG) --> File is excluded.
(DEBUG) Check if ztest_rules.c##9306fa80d1ccbcc8bd33d09464ce85c8.gcov.json.gz is included (gcov file)...
(DEBUG)   Filter AlwaysMatchFilter() matched.
(DEBUG) --> File is included.
(DEBUG) Check if /home/federico/Documents/Curso_Zephyr/taskworkspace/zephyr-course/app/modules/ring_buf/ztest_rules.c##9306fa80d1ccbcc8bd33d09464ce85c8.gcov.json.gz is included (trace)...
(DEBUG)   No filter matched.
(DEBUG) --> File is excluded.
(INFO) Writing coverage report...
Running: gcovr -r /home/federico/Documents/Curso_Zephyr/taskworkspace/zephyr-course/app/modules/ring_buf -v --merge-mode-functions=separate --gcov-executable gcov -f tests/ztest -e tests/ztest/test/* --json -o /home/federico/Documents/Curso_Zephyr/taskworkspace/zephyr-course/twister-out/ztest.json /home/federico/Documents/Curso_Zephyr/taskworkspace/zephyr-course/twister-out
(DEBUG) gcovr version 8.6
(DEBUG) File system is case sensitive.
(DEBUG) Filters for --filter: (1)
(DEBUG)  - RelativeFilter(tests/ztest root=/home/federico/Documents/Curso_Zephyr/taskworkspace/zephyr-course)
(DEBUG) Filters for --exclude: (1)
(DEBUG)  - RelativeFilter(tests/ztest/test/* root=/home/federico/Documents/Curso_Zephyr/taskworkspace/zephyr-course)
(DEBUG) Filters for --include: (0)
(DEBUG) Filters for --gcov-filter: (1)
(DEBUG)  - AlwaysMatchFilter()
(DEBUG) Filters for --gcov-exclude: (0)
(DEBUG) Filters for --exclude-directory: (0)
(DEBUG) Filters for --trace-include: (0)
(DEBUG) Filters for --trace-exclude: (0)
(DEBUG) Patterns for --exclude-function: (0)
(DEBUG) Patterns for --exclude-lines-by-pattern: (0)
(DEBUG) Patterns for --exclude-branches-by-pattern: (0)
(INFO) Reading coverage data...
(DEBUG) Scanning directory twister-out for gcda/gcno files...
(DEBUG) Found 176 files (and will process 99)
(DEBUG) Using 1 workers.
(DEBUG) Pool started with 1 threads
(DEBUG) Check if /home/federico/Documents/Curso_Zephyr/taskworkspace/zephyr-course/twister-out/native_sim_native/host/homework.unit.ring_buf/CMakeFiles/app.dir/home/federico/Documents/Curso_Zephyr/taskworkspace/zephyr-course/app/modules/ring_buf/src/ring_buf.c.gcda is included (trace)...
(DEBUG)   No filter matched.
(DEBUG) --> File is excluded.
(DEBUG) GCOV capabilities: JSON format available.
(DEBUG) GCOV capabilities: Condition coverage available.
(DEBUG) GCOV capabilities: Demangled names available.
(DEBUG) GCOV capabilities: Hashing of filenames available.
(DEBUG) Check if /home/federico/Documents/Curso_Zephyr/taskworkspace/zephyr-course/twister-out/native_sim_native/host/homework.unit.ring_buf/CMakeFiles/app.dir/home/federico/Documents/Curso_Zephyr/taskworkspace/zephyr-course/app/modules/ring_buf/src/ring_buf.c.gcda is included (trace)...
(DEBUG) --> File is excluded.
(DEBUG) Check if ring_buf.c##fb914c88ea5e823d69f86a096fcdf8d9.gcov.json.gz is included (gcov file)...
(DEBUG)   Filter AlwaysMatchFilter() matched.
(DEBUG) --> File is included.
(DEBUG) Check if /home/federico/Documents/Curso_Zephyr/taskworkspace/zephyr-course/app/modules/ring_buf/ring_buf.c##fb914c88ea5e823d69f86a096fcdf8d9.gcov.json.gz is included (trace)...
(DEBUG)   No filter matched.
(DEBUG) --> File is excluded.
(DEBUG) Check if /home/federico/Documents/Curso_Zephyr/taskworkspace/zephyr-course/app/modules/ring_buf/src/ring_buf.c is included (source file)...
(DEBUG)   No filter matched.
(DEBUG) --> File is excluded.
(DEBUG) Check if /home/federico/Documents/Curso_Zephyr/taskworkspace/deps/zephyr/include/zephyr/logging/log_msg.h is included (source file)...
(DEBUG)   No filter matched.
(DEBUG) --> File is excluded.
(DEBUG) Check if /home/federico/Documents/Curso_Zephyr/taskworkspace/zephyr-course/twister-out/native_sim_native/host/homework.unit.ring_buf/CMakeFiles/app.dir/src/test_ring_buf.c.gcda is included (trace)...
(DEBUG)   No filter matched.
(DEBUG) --> File is excluded.
(DEBUG) Check if /home/federico/Documents/Curso_Zephyr/taskworkspace/zephyr-course/twister-out/native_sim_native/host/homework.unit.ring_buf/CMakeFiles/app.dir/src/test_ring_buf.c.gcda is included (trace)...
(DEBUG) --> File is excluded.
(DEBUG) Check if test_ring_buf.c##fa875362f4594ba239b26553d1501607.gcov.json.gz is included (gcov file)...
(DEBUG)   Filter AlwaysMatchFilter() matched.
(DEBUG) --> File is included.
(DEBUG) Check if /home/federico/Documents/Curso_Zephyr/taskworkspace/zephyr-course/app/modules/ring_buf/test_ring_buf.c##fa875362f4594ba239b26553d1501607.gcov.json.gz is included (trace)...
(DEBUG)   No filter matched.
(DEBUG) --> File is excluded.
(DEBUG) Check if /home/federico/Documents/Curso_Zephyr/taskworkspace/zephyr-course/tests/ring_buf/src/test_ring_buf.c is included (source file)...
(DEBUG)   No filter matched.
(DEBUG) --> File is excluded.
(DEBUG) Check if /home/federico/Documents/Curso_Zephyr/taskworkspace/deps/zephyr/subsys/testsuite/ztest/include/zephyr/ztest_assert.h is included (source file)...
(DEBUG)   No filter matched.
(DEBUG) --> File is excluded.
(DEBUG) Check if /home/federico/Documents/Curso_Zephyr/taskworkspace/zephyr-course/twister-out/native_sim_native/host/homework.unit.ring_buf/zephyr/CMakeFiles/offsets.dir/arch/posix/core/offsets/offsets.c.gcda is included (trace)...
(DEBUG)   No filter matched.
(DEBUG) --> File is excluded.
(DEBUG) Check if /home/federico/Documents/Curso_Zephyr/taskworkspace/zephyr-course/twister-out/native_sim_native/host/homework.unit.ring_buf/zephyr/CMakeFiles/offsets.dir/arch/posix/core/offsets/offsets.c.gcda is included (trace)...
(DEBUG) --> File is excluded.
(DEBUG) Check if offsets.c##42298f25cb1797a17cd4a99d8d806c0a.gcov.json.gz is included (gcov file)...
(DEBUG)   Filter AlwaysMatchFilter() matched.
(DEBUG) --> File is included.
(DEBUG) Check if /home/federico/Documents/Curso_Zephyr/taskworkspace/zephyr-course/app/modules/ring_buf/offsets.c##42298f25cb1797a17cd4a99d8d806c0a.gcov.json.gz is included (trace)...
(DEBUG)   No filter matched.
(DEBUG) --> File is excluded.
(DEBUG) Check if /home/federico/Documents/Curso_Zephyr/taskworkspace/deps/zephyr/kernel/include/kernel_offsets.h is included (source file)...
(DEBUG)   No filter matched.
(DEBUG) --> File is excluded.
(DEBUG) Check if /home/federico/Documents/Curso_Zephyr/taskworkspace/deps/zephyr/arch/posix/core/offsets/offsets.c is included (source file)...
(DEBUG)   No filter matched.
(DEBUG) --> File is excluded.
(DEBUG) Check if /home/federico/Documents/Curso_Zephyr/taskworkspace/zephyr-course/twister-out/native_sim_native/host/homework.unit.ring_buf/zephyr/CMakeFiles/zephyr.dir/lib/heap/heap.c.gcda is included (trace)...
(DEBUG)   No filter matched.
(DEBUG) --> File is excluded.
(DEBUG) Check if /home/federico/Documents/Curso_Zephyr/taskworkspace/zephyr-course/twister-out/native_sim_native/host/homework.unit.ring_buf/zephyr/CMakeFiles/zephyr.dir/lib/heap/heap.c.gcda is included (trace)...
(DEBUG) --> File is excluded.
(DEBUG) Check if heap.c##204d510e1272c3cf0284135e8d954416.gcov.json.gz is included (gcov file)...
(DEBUG)   Filter AlwaysMatchFilter() matched.
(DEBUG) --> File is included.
(DEBUG) Check if /home/federico/Documents/Curso_Zephyr/taskworkspace/zephyr-course/app/modules/ring_buf/heap.c##204d510e1272c3cf0284135e8d954416.gcov.json.gz is included (trace)...
(DEBUG)   No filter matched.
(DEBUG) --> File is excluded.
(DEBUG) Check if /home/federico/Documents/Curso_Zephyr/taskworkspace/deps/zephyr/lib/heap/heap.c is included (source file)...
(DEBUG)   No filter matched.
(DEBUG) --> File is excluded.
(DEBUG) Check if /home/federico/Documents/Curso_Zephyr/taskworkspace/deps/zephyr/lib/heap/heap.h is included (source file)...
(DEBUG)   No filter matched.
(DEBUG) --> File is excluded.
(DEBUG) Check if /home/federico/Documents/Curso_Zephyr/taskworkspace/zephyr-course/twister-out/native_sim_native/host/homework.unit.ring_buf/zephyr/CMakeFiles/zephyr.dir/lib/os/assert.c.gcda is included (trace)...
(DEBUG)   No filter matched.
(DEBUG) --> File is excluded.
(DEBUG) Check if /home/federico/Documents/Curso_Zephyr/taskworkspace/zephyr-course/twister-out/native_sim_native/host/homework.unit.ring_buf/zephyr/CMakeFiles/zephyr.dir/lib/os/assert.c.gcda is included (trace)...
(DEBUG) --> File is excluded.
(DEBUG) Check if assert.c##0eef4c6f05c81e9cee6c4c5b3eaddc49.gcov.json.gz is included (gcov file)...
(DEBUG)   Filter AlwaysMatchFilter() matched.
(DEBUG) --> File is included.
(DEBUG) Check if /home/federico/Documents/Curso_Zephyr/taskworkspace/zephyr-course/app/modules/ring_buf/assert.c##0eef4c6f05c81e9cee6c4c5b3eaddc49.gcov.json.gz is included (trace)...
(DEBUG)   No filter matched.
(DEBUG) --> File is excluded.
(DEBUG) Check if /home/federico/Documents/Curso_Zephyr/taskworkspace/deps/zephyr/lib/os/assert.c is included (source file)...
(DEBUG)   No filter matched.
(DEBUG) --> File is excluded.
(DEBUG) Check if /home/federico/Documents/Curso_Zephyr/taskworkspace/zephyr-course/twister-out/native_sim_native/host/homework.unit.ring_buf/zephyr/CMakeFiles/zephyr.dir/lib/os/cbprintf.c.gcda is included (trace)...
(DEBUG)   No filter matched.
(DEBUG) --> File is excluded.
(DEBUG) Check if /home/federico/Documents/Curso_Zephyr/taskworkspace/zephyr-course/twister-out/native_sim_native/host/homework.unit.ring_buf/zephyr/CMakeFiles/zephyr.dir/lib/os/cbprintf.c.gcda is included (trace)...
(DEBUG) --> File is excluded.
(DEBUG) Check if cbprintf.c##1e36ae25ddf51293355e1c0dc406c8c5.gcov.json.gz is included (gcov file)...
(DEBUG)   Filter AlwaysMatchFilter() matched.
(DEBUG) --> File is included.
(DEBUG) Check if /home/federico/Documents/Curso_Zephyr/taskworkspace/zephyr-course/app/modules/ring_buf/cbprintf.c##1e36ae25ddf51293355e1c0dc406c8c5.gcov.json.gz is included (trace)...
(DEBUG)   No filter matched.
(DEBUG) --> File is excluded.
(DEBUG) Check if /home/federico/Documents/Curso_Zephyr/taskworkspace/deps/zephyr/lib/os/cbprintf.c is included (source file)...
(DEBUG)   No filter matched.
(DEBUG) --> File is excluded.
(DEBUG) Check if /home/federico/Documents/Curso_Zephyr/taskworkspace/deps/zephyr/include/zephyr/sys/cbprintf.h is included (source file)...
(DEBUG)   No filter matched.
(DEBUG) --> File is excluded.
(DEBUG) Check if /home/federico/Documents/Curso_Zephyr/taskworkspace/zephyr-course/twister-out/native_sim_native/host/homework.unit.ring_buf/zephyr/CMakeFiles/zephyr.dir/lib/os/cbprintf_complete.c.gcda is included (trace)...
(DEBUG)   No filter matched.
(DEBUG) --> File is excluded.
(DEBUG) Check if /home/federico/Documents/Curso_Zephyr/taskworkspace/zephyr-course/twister-out/native_sim_native/host/homework.unit.ring_buf/zephyr/CMakeFiles/zephyr.dir/lib/os/cbprintf_complete.c.gcda is included (trace)...
(DEBUG) --> File is excluded.
(DEBUG) Check if cbprintf_complete.c##44ff3edacecd8b80f4b1af722b176cc3.gcov.json.gz is included (gcov file)...
(DEBUG)   Filter AlwaysMatchFilter() matched.
(DEBUG) --> File is included.
(DEBUG) Check if /home/federico/Documents/Curso_Zephyr/taskworkspace/zephyr-course/app/modules/ring_buf/cbprintf_complete.c##44ff3edacecd8b80f4b1af722b176cc3.gcov.json.gz is included (trace)...
(DEBUG)   No filter matched.
(DEBUG) --> File is excluded.
(DEBUG) Check if /home/federico/Documents/Curso_Zephyr/taskworkspace/deps/zephyr/lib/os/cbprintf_complete.c is included (source file)...
(DEBUG)   No filter matched.
(DEBUG) --> File is excluded.
(DEBUG) Check if /home/federico/Documents/Curso_Zephyr/taskworkspace/zephyr-course/twister-out/native_sim_native/host/homework.unit.ring_buf/zephyr/CMakeFiles/zephyr.dir/lib/os/cbprintf_packaged.c.gcda is included (trace)...
(DEBUG)   No filter matched.
(DEBUG) --> File is excluded.
(DEBUG) Check if /home/federico/Documents/Curso_Zephyr/taskworkspace/zephyr-course/twister-out/native_sim_native/host/homework.unit.ring_buf/zephyr/CMakeFiles/zephyr.dir/lib/os/cbprintf_packaged.c.gcda is included (trace)...
(DEBUG) --> File is excluded.
(DEBUG) Check if cbprintf_packaged.c##db12d2beeb98d62ca313508be6c005bf.gcov.json.gz is included (gcov file)...
(DEBUG)   Filter AlwaysMatchFilter() matched.
(DEBUG) --> File is included.
(DEBUG) Check if /home/federico/Documents/Curso_Zephyr/taskworkspace/zephyr-course/app/modules/ring_buf/cbprintf_packaged.c##db12d2beeb98d62ca313508be6c005bf.gcov.json.gz is included (trace)...
(DEBUG)   No filter matched.
(DEBUG) --> File is excluded.
(DEBUG) Check if /home/federico/Documents/Curso_Zephyr/taskworkspace/deps/zephyr/lib/os/cbprintf_packaged.c is included (source file)...
(DEBUG)   No filter matched.
(DEBUG) --> File is excluded.
(DEBUG) Check if /home/federico/Documents/Curso_Zephyr/taskworkspace/deps/zephyr/include/zephyr/logging/log_msg.h is included (source file)...
(DEBUG) --> File is excluded.
(DEBUG) Check if /home/federico/Documents/Curso_Zephyr/taskworkspace/deps/zephyr/include/zephyr/linker/utils.h is included (source file)...
(DEBUG)   No filter matched.
(DEBUG) --> File is excluded.
(DEBUG) Check if /home/federico/Documents/Curso_Zephyr/taskworkspace/zephyr-course/twister-out/native_sim_native/host/homework.unit.ring_buf/zephyr/CMakeFiles/zephyr.dir/lib/os/clock.c.gcda is included (trace)...
(DEBUG)   No filter matched.
(DEBUG) --> File is excluded.
(DEBUG) Check if /home/federico/Documents/Curso_Zephyr/taskworkspace/zephyr-course/twister-out/native_sim_native/host/homework.unit.ring_buf/zephyr/CMakeFiles/zephyr.dir/lib/os/clock.c.gcda is included (trace)...
(DEBUG) --> File is excluded.
(DEBUG) Check if clock.c##031d2365c40f264368a4b425dc20d5b2.gcov.json.gz is included (gcov file)...
(DEBUG)   Filter AlwaysMatchFilter() matched.
(DEBUG) --> File is included.
(DEBUG) Check if /home/federico/Documents/Curso_Zephyr/taskworkspace/zephyr-course/app/modules/ring_buf/clock.c##031d2365c40f264368a4b425dc20d5b2.gcov.json.gz is included (trace)...
(DEBUG)   No filter matched.
(DEBUG) --> File is excluded.
(DEBUG) Check if /home/federico/Documents/Curso_Zephyr/taskworkspace/deps/zephyr/lib/os/clock.c is included (source file)...
(DEBUG)   No filter matched.
(DEBUG) --> File is excluded.
(DEBUG) Check if /home/federico/Documents/Curso_Zephyr/taskworkspace/deps/zephyr/include/zephyr/sys/timeutil.h is included (source file)...
(DEBUG)   No filter matched.
(DEBUG) --> File is excluded.
(DEBUG) Check if /home/federico/Documents/Curso_Zephyr/taskworkspace/zephyr-course/twister-out/native_sim_native/host/homework.unit.ring_buf/zephyr/include/generated/zephyr/syscalls/kernel.h is included (source file)...
(DEBUG)   No filter matched.
(DEBUG) --> File is excluded.
(DEBUG) Check if /home/federico/Documents/Curso_Zephyr/taskworkspace/deps/zephyr/include/zephyr/spinlock.h is included (source file)...
(DEBUG)   No filter matched.
(DEBUG) --> File is excluded.
(DEBUG) Check if /home/federico/Documents/Curso_Zephyr/taskworkspace/zephyr-course/twister-out/native_sim_native/host/homework.unit.ring_buf/zephyr/include/generated/zephyr/syscalls/clock.h is included (source file)...
(DEBUG)   No filter matched.
(DEBUG) --> File is excluded.
(DEBUG) Check if /home/federico/Documents/Curso_Zephyr/taskworkspace/deps/zephyr/include/zephyr/arch/posix/arch.h is included (source file)...
(DEBUG)   No filter matched.
(DEBUG) --> File is excluded.
(DEBUG) Check if /home/federico/Documents/Curso_Zephyr/taskworkspace/zephyr-course/twister-out/native_sim_native/host/homework.unit.ring_buf/zephyr/CMakeFiles/zephyr.dir/lib/os/printk.c.gcda is included (trace)...
(DEBUG)   No filter matched.
(DEBUG) --> File is excluded.
(DEBUG) Check if /home/federico/Documents/Curso_Zephyr/taskworkspace/zephyr-course/twister-out/native_sim_native/host/homework.unit.ring_buf/zephyr/CMakeFiles/zephyr.dir/lib/os/printk.c.gcda is included (trace)...
(DEBUG) --> File is excluded.
(DEBUG) Check if printk.c##c8e0f3cf1cf9b2deb1bf0d5566f29f2f.gcov.json.gz is included (gcov file)...
(DEBUG)   Filter AlwaysMatchFilter() matched.
(DEBUG) --> File is included.
(DEBUG) Check if /home/federico/Documents/Curso_Zephyr/taskworkspace/zephyr-course/app/modules/ring_buf/printk.c##c8e0f3cf1cf9b2deb1bf0d5566f29f2f.gcov.json.gz is included (trace)...
(DEBUG)   No filter matched.
(DEBUG) --> File is excluded.
(DEBUG) Check if /home/federico/Documents/Curso_Zephyr/taskworkspace/deps/zephyr/lib/os/printk.c is included (source file)...
(DEBUG)   No filter matched.
(DEBUG) --> File is excluded.
(DEBUG) Check if /home/federico/Documents/Curso_Zephyr/taskworkspace/deps/zephyr/include/zephyr/sys/cbprintf.h is included (source file)...
(DEBUG) --> File is excluded.
(DEBUG) Check if /home/federico/Documents/Curso_Zephyr/taskworkspace/zephyr-course/twister-out/native_sim_native/host/homework.unit.ring_buf/zephyr/include/generated/zephyr/syscalls/kernel.h is included (source file)...
(DEBUG) --> File is excluded.
(DEBUG) Check if /home/federico/Documents/Curso_Zephyr/taskworkspace/zephyr-course/twister-out/native_sim_native/host/homework.unit.ring_buf/zephyr/CMakeFiles/zephyr.dir/lib/os/sem.c.gcda is included (trace)...
(DEBUG)   No filter matched.
(DEBUG) --> File is excluded.
(DEBUG) Check if /home/federico/Documents/Curso_Zephyr/taskworkspace/zephyr-course/twister-out/native_sim_native/host/homework.unit.ring_buf/zephyr/CMakeFiles/zephyr.dir/lib/os/sem.c.gcda is included (trace)...
(DEBUG) --> File is excluded.
(DEBUG) Check if sem.c##a57fd53ef0e0074da5d4dd0bdd319adf.gcov.json.gz is included (gcov file)...
(DEBUG)   Filter AlwaysMatchFilter() matched.
(DEBUG) --> File is included.
(DEBUG) Check if /home/federico/Documents/Curso_Zephyr/taskworkspace/zephyr-course/app/modules/ring_buf/sem.c##a57fd53ef0e0074da5d4dd0bdd319adf.gcov.json.gz is included (trace)...
(DEBUG)   No filter matched.
(DEBUG) --> File is excluded.
(DEBUG) Check if /home/federico/Documents/Curso_Zephyr/taskworkspace/deps/zephyr/lib/os/sem.c is included (source file)...
(DEBUG)   No filter matched.
(DEBUG) --> File is excluded.
(DEBUG) Check if /home/federico/Documents/Curso_Zephyr/taskworkspace/zephyr-course/twister-out/native_sim_native/host/homework.unit.ring_buf/zephyr/include/generated/zephyr/syscalls/kernel.h is included (source file)...
(DEBUG) --> File is excluded.
(DEBUG) Check if /home/federico/Documents/Curso_Zephyr/taskworkspace/deps/zephyr/include/zephyr/kernel.h is included (source file)...
(DEBUG)   No filter matched.
(DEBUG) --> File is excluded.
(DEBUG) Check if /home/federico/Documents/Curso_Zephyr/taskworkspace/zephyr-course/twister-out/native_sim_native/host/homework.unit.ring_buf/zephyr/CMakeFiles/zephyr.dir/lib/os/thread_entry.c.gcda is included (trace)...
(DEBUG)   No filter matched.
(DEBUG) --> File is excluded.
(DEBUG) Check if /home/federico/Documents/Curso_Zephyr/taskworkspace/zephyr-course/twister-out/native_sim_native/host/homework.unit.ring_buf/zephyr/CMakeFiles/zephyr.dir/lib/os/thread_entry.c.gcda is included (trace)...
(DEBUG) --> File is excluded.
(DEBUG) Check if thread_entry.c##2c799cbaf453eae02ee2df6953c51bcc.gcov.json.gz is included (gcov file)...
(DEBUG)   Filter AlwaysMatchFilter() matched.
(DEBUG) --> File is included.
(DEBUG) Check if /home/federico/Documents/Curso_Zephyr/taskworkspace/zephyr-course/app/modules/ring_buf/thread_entry.c##2c799cbaf453eae02ee2df6953c51bcc.gcov.json.gz is included (trace)...
(DEBUG)   No filter matched.
(DEBUG) --> File is excluded.
(DEBUG) Check if /home/federico/Documents/Curso_Zephyr/taskworkspace/deps/zephyr/lib/os/thread_entry.c is included (source file)...
(DEBUG)   No filter matched.
(DEBUG) --> File is excluded.
(DEBUG) Check if /home/federico/Documents/Curso_Zephyr/taskworkspace/zephyr-course/twister-out/native_sim_native/host/homework.unit.ring_buf/zephyr/include/generated/zephyr/syscalls/kernel.h is included (source file)...
(DEBUG) --> File is excluded.
(DEBUG) Check if /home/federico/Documents/Curso_Zephyr/taskworkspace/deps/zephyr/include/zephyr/kernel.h is included (source file)...
(DEBUG) --> File is excluded.
(DEBUG) Check if /home/federico/Documents/Curso_Zephyr/taskworkspace/zephyr-course/twister-out/native_sim_native/host/homework.unit.ring_buf/zephyr/CMakeFiles/zephyr.dir/lib/utils/bitarray.c.gcda is included (trace)...
(DEBUG)   No filter matched.
(DEBUG) --> File is excluded.
(DEBUG) Check if /home/federico/Documents/Curso_Zephyr/taskworkspace/zephyr-course/twister-out/native_sim_native/host/homework.unit.ring_buf/zephyr/CMakeFiles/zephyr.dir/lib/utils/bitarray.c.gcda is included (trace)...
(DEBUG) --> File is excluded.
(DEBUG) Check if bitarray.c##a4a624b8ec1a1b04504ea0845a4bc264.gcov.json.gz is included (gcov file)...
(DEBUG)   Filter AlwaysMatchFilter() matched.
(DEBUG) --> File is included.
(DEBUG) Check if /home/federico/Documents/Curso_Zephyr/taskworkspace/zephyr-course/app/modules/ring_buf/bitarray.c##a4a624b8ec1a1b04504ea0845a4bc264.gcov.json.gz is included (trace)...
(DEBUG)   No filter matched.
(DEBUG) --> File is excluded.
(DEBUG) Check if /home/federico/Documents/Curso_Zephyr/taskworkspace/deps/zephyr/lib/utils/bitarray.c is included (source file)...
(DEBUG)   No filter matched.
(DEBUG) --> File is excluded.
(DEBUG) Check if /home/federico/Documents/Curso_Zephyr/taskworkspace/deps/zephyr/include/zephyr/spinlock.h is included (source file)...
(DEBUG) --> File is excluded.
(DEBUG) Check if /home/federico/Documents/Curso_Zephyr/taskworkspace/deps/zephyr/include/zephyr/arch/posix/arch.h is included (source file)...
(DEBUG) --> File is excluded.
(DEBUG) Check if /home/federico/Documents/Curso_Zephyr/taskworkspace/deps/zephyr/include/zephyr/arch/common/ffs.h is included (source file)...
(DEBUG)   No filter matched.
(DEBUG) --> File is excluded.
(DEBUG) Check if /home/federico/Documents/Curso_Zephyr/taskworkspace/zephyr-course/twister-out/native_sim_native/host/homework.unit.ring_buf/zephyr/CMakeFiles/zephyr.dir/lib/utils/dec.c.gcda is included (trace)...
(DEBUG)   No filter matched.
(DEBUG) --> File is excluded.
(DEBUG) Check if /home/federico/Documents/Curso_Zephyr/taskworkspace/zephyr-course/twister-out/native_sim_native/host/homework.unit.ring_buf/zephyr/CMakeFiles/zephyr.dir/lib/utils/dec.c.gcda is included (trace)...
(DEBUG) --> File is excluded.
(DEBUG) Check if dec.c##47c4d7f88d71390119fc7a6d89e609fe.gcov.json.gz is included (gcov file)...
(DEBUG)   Filter AlwaysMatchFilter() matched.
(DEBUG) --> File is included.
(DEBUG) Check if /home/federico/Documents/Curso_Zephyr/taskworkspace/zephyr-course/app/modules/ring_buf/dec.c##47c4d7f88d71390119fc7a6d89e609fe.gcov.json.gz is included (trace)...
(DEBUG)   No filter matched.
(DEBUG) --> File is excluded.
(DEBUG) Check if /home/federico/Documents/Curso_Zephyr/taskworkspace/deps/zephyr/lib/utils/dec.c is included (source file)...
(DEBUG)   No filter matched.
(DEBUG) --> File is excluded.
(DEBUG) Check if /home/federico/Documents/Curso_Zephyr/taskworkspace/zephyr-course/twister-out/native_sim_native/host/homework.unit.ring_buf/zephyr/CMakeFiles/zephyr.dir/lib/utils/hex.c.gcda is included (trace)...
(DEBUG)   No filter matched.
(DEBUG) --> File is excluded.
(DEBUG) Check if /home/federico/Documents/Curso_Zephyr/taskworkspace/zephyr-course/twister-out/native_sim_native/host/homework.unit.ring_buf/zephyr/CMakeFiles/zephyr.dir/lib/utils/hex.c.gcda is included (trace)...
(DEBUG) --> File is excluded.
(DEBUG) Check if hex.c##d22c8633e0ccec7151f2b9a9ee38bef2.gcov.json.gz is included (gcov file)...
(DEBUG)   Filter AlwaysMatchFilter() matched.
(DEBUG) --> File is included.
(DEBUG) Check if /home/federico/Documents/Curso_Zephyr/taskworkspace/zephyr-course/app/modules/ring_buf/hex.c##d22c8633e0ccec7151f2b9a9ee38bef2.gcov.json.gz is included (trace)...
(DEBUG)   No filter matched.
(DEBUG) --> File is excluded.
(DEBUG) Check if /home/federico/Documents/Curso_Zephyr/taskworkspace/deps/zephyr/lib/utils/hex.c is included (source file)...
(DEBUG)   No filter matched.
(DEBUG) --> File is excluded.
(DEBUG) Check if /home/federico/Documents/Curso_Zephyr/taskworkspace/zephyr-course/twister-out/native_sim_native/host/homework.unit.ring_buf/zephyr/CMakeFiles/zephyr.dir/lib/utils/rb.c.gcda is included (trace)...
(DEBUG)   No filter matched.
(DEBUG) --> File is excluded.
(DEBUG) Check if /home/federico/Documents/Curso_Zephyr/taskworkspace/zephyr-course/twister-out/native_sim_native/host/homework.unit.ring_buf/zephyr/CMakeFiles/zephyr.dir/lib/utils/rb.c.gcda is included (trace)...
(DEBUG) --> File is excluded.
(DEBUG) Check if rb.c##5854889ba3d9dcbb71acd625e0c1597d.gcov.json.gz is included (gcov file)...
(DEBUG)   Filter AlwaysMatchFilter() matched.
(DEBUG) --> File is included.
(DEBUG) Check if /home/federico/Documents/Curso_Zephyr/taskworkspace/zephyr-course/app/modules/ring_buf/rb.c##5854889ba3d9dcbb71acd625e0c1597d.gcov.json.gz is included (trace)...
(DEBUG)   No filter matched.
(DEBUG) --> File is excluded.
(DEBUG) Check if /home/federico/Documents/Curso_Zephyr/taskworkspace/deps/zephyr/lib/utils/rb.c is included (source file)...
(DEBUG)   No filter matched.
(DEBUG) --> File is excluded.
(DEBUG) Check if /home/federico/Documents/Curso_Zephyr/taskworkspace/zephyr-course/twister-out/native_sim_native/host/homework.unit.ring_buf/zephyr/CMakeFiles/zephyr.dir/lib/utils/ring_buffer.c.gcda is included (trace)...
(DEBUG)   No filter matched.
(DEBUG) --> File is excluded.
(DEBUG) Check if /home/federico/Documents/Curso_Zephyr/taskworkspace/zephyr-course/twister-out/native_sim_native/host/homework.unit.ring_buf/zephyr/CMakeFiles/zephyr.dir/lib/utils/ring_buffer.c.gcda is included (trace)...
(DEBUG) --> File is excluded.
(DEBUG) Check if ring_buffer.c##c07592e17d1882e4108c74f253534832.gcov.json.gz is included (gcov file)...
(DEBUG)   Filter AlwaysMatchFilter() matched.
(DEBUG) --> File is included.
(DEBUG) Check if /home/federico/Documents/Curso_Zephyr/taskworkspace/zephyr-course/app/modules/ring_buf/ring_buffer.c##c07592e17d1882e4108c74f253534832.gcov.json.gz is included (trace)...
(DEBUG)   No filter matched.
(DEBUG) --> File is excluded.
(DEBUG) Check if /home/federico/Documents/Curso_Zephyr/taskworkspace/deps/zephyr/lib/utils/ring_buffer.c is included (source file)...
(DEBUG)   No filter matched.
(DEBUG) --> File is excluded.
(DEBUG) Check if /home/federico/Documents/Curso_Zephyr/taskworkspace/deps/zephyr/include/zephyr/sys/ring_buffer.h is included (source file)...
(DEBUG)   No filter matched.
(DEBUG) --> File is excluded.
(DEBUG) Check if /home/federico/Documents/Curso_Zephyr/taskworkspace/zephyr-course/twister-out/native_sim_native/host/homework.unit.ring_buf/zephyr/CMakeFiles/zephyr.dir/lib/utils/timeutil.c.gcda is included (trace)...
(DEBUG)   No filter matched.
(DEBUG) --> File is excluded.
(DEBUG) Check if /home/federico/Documents/Curso_Zephyr/taskworkspace/zephyr-course/twister-out/native_sim_native/host/homework.unit.ring_buf/zephyr/CMakeFiles/zephyr.dir/lib/utils/timeutil.c.gcda is included (trace)...
(DEBUG) --> File is excluded.
(DEBUG) Check if timeutil.c##022ab0958455d470e394318492cc7198.gcov.json.gz is included (gcov file)...
(DEBUG)   Filter AlwaysMatchFilter() matched.
(DEBUG) --> File is included.
(DEBUG) Check if /home/federico/Documents/Curso_Zephyr/taskworkspace/zephyr-course/app/modules/ring_buf/timeutil.c##022ab0958455d470e394318492cc7198.gcov.json.gz is included (trace)...
(DEBUG)   No filter matched.
(DEBUG) --> File is excluded.
(DEBUG) Check if /home/federico/Documents/Curso_Zephyr/taskworkspace/deps/zephyr/lib/utils/timeutil.c is included (source file)...
(DEBUG)   No filter matched.
(DEBUG) --> File is excluded.
(DEBUG) Check if /home/federico/Documents/Curso_Zephyr/taskworkspace/zephyr-course/twister-out/native_sim_native/host/homework.unit.ring_buf/zephyr/CMakeFiles/zephyr.dir/misc/generated/configs.c.gcda is included (trace)...
(DEBUG)   No filter matched.
(DEBUG) --> File is excluded.
(DEBUG) Check if /home/federico/Documents/Curso_Zephyr/taskworkspace/zephyr-course/twister-out/native_sim_native/host/homework.unit.ring_buf/zephyr/CMakeFiles/zephyr.dir/misc/generated/configs.c.gcda is included (trace)...
(DEBUG) --> File is excluded.
(DEBUG) Check if configs.c##08eb0b294bcae8f49b57a6c9c9da9f83.gcov.json.gz is included (gcov file)...
(DEBUG)   Filter AlwaysMatchFilter() matched.
(DEBUG) --> File is included.
(DEBUG) Check if /home/federico/Documents/Curso_Zephyr/taskworkspace/zephyr-course/app/modules/ring_buf/configs.c##08eb0b294bcae8f49b57a6c9c9da9f83.gcov.json.gz is included (trace)...
(DEBUG)   No filter matched.
(DEBUG) --> File is excluded.
(DEBUG) Check if /home/federico/Documents/Curso_Zephyr/taskworkspace/zephyr-course/twister-out/native_sim_native/host/homework.unit.ring_buf/zephyr/misc/generated/configs.c is included (source file)...
(DEBUG)   No filter matched.
(DEBUG) --> File is excluded.
(DEBUG) Check if /home/federico/Documents/Curso_Zephyr/taskworkspace/zephyr-course/twister-out/native_sim_native/host/homework.unit.ring_buf/zephyr/CMakeFiles/zephyr.dir/subsys/logging/backends/log_backend_native_posix.c.gcda is included (trace)...
(DEBUG)   No filter matched.
(DEBUG) --> File is excluded.
(DEBUG) Check if /home/federico/Documents/Curso_Zephyr/taskworkspace/zephyr-course/twister-out/native_sim_native/host/homework.unit.ring_buf/zephyr/CMakeFiles/zephyr.dir/subsys/logging/backends/log_backend_native_posix.c.gcda is included (trace)...
(DEBUG) --> File is excluded.
(DEBUG) Check if log_backend_native_posix.c##5662c4c8b963fab6a4d0503d42ad16e2.gcov.json.gz is included (gcov file)...
(DEBUG)   Filter AlwaysMatchFilter() matched.
(DEBUG) --> File is included.
(DEBUG) Check if /home/federico/Documents/Curso_Zephyr/taskworkspace/zephyr-course/app/modules/ring_buf/log_backend_native_posix.c##5662c4c8b963fab6a4d0503d42ad16e2.gcov.json.gz is included (trace)...
(DEBUG)   No filter matched.
(DEBUG) --> File is excluded.
(DEBUG) Check if /home/federico/Documents/Curso_Zephyr/taskworkspace/deps/zephyr/subsys/logging/backends/log_backend_native_posix.c is included (source file)...
(DEBUG)   No filter matched.
(DEBUG) --> File is excluded.
(DEBUG) Check if /home/federico/Documents/Curso_Zephyr/taskworkspace/deps/zephyr/include/zephyr/logging/log_backend_std.h is included (source file)...
(DEBUG)   No filter matched.
(DEBUG) --> File is excluded.
(DEBUG) Check if /home/federico/Documents/Curso_Zephyr/taskworkspace/deps/zephyr/include/zephyr/logging/log_output.h is included (source file)...
(DEBUG)   No filter matched.
(DEBUG) --> File is excluded.
(DEBUG) Check if /home/federico/Documents/Curso_Zephyr/taskworkspace/zephyr-course/twister-out/native_sim_native/host/homework.unit.ring_buf/zephyr/CMakeFiles/zephyr.dir/subsys/logging/log_cache.c.gcda is included (trace)...
(DEBUG)   No filter matched.
(DEBUG) --> File is excluded.
(DEBUG) Check if /home/federico/Documents/Curso_Zephyr/taskworkspace/zephyr-course/twister-out/native_sim_native/host/homework.unit.ring_buf/zephyr/CMakeFiles/zephyr.dir/subsys/logging/log_cache.c.gcda is included (trace)...
(DEBUG) --> File is excluded.
(DEBUG) Check if log_cache.c##7017f52081157ae4c2d4d6839a75d4d2.gcov.json.gz is included (gcov file)...
(DEBUG)   Filter AlwaysMatchFilter() matched.
(DEBUG) --> File is included.
(DEBUG) Check if /home/federico/Documents/Curso_Zephyr/taskworkspace/zephyr-course/app/modules/ring_buf/log_cache.c##7017f52081157ae4c2d4d6839a75d4d2.gcov.json.gz is included (trace)...
(DEBUG)   No filter matched.
(DEBUG) --> File is excluded.
(DEBUG) Check if /home/federico/Documents/Curso_Zephyr/taskworkspace/deps/zephyr/subsys/logging/log_cache.c is included (source file)...
(DEBUG)   No filter matched.
(DEBUG) --> File is excluded.
(DEBUG) Check if /home/federico/Documents/Curso_Zephyr/taskworkspace/deps/zephyr/include/zephyr/sys/slist.h is included (source file)...
(DEBUG)   No filter matched.
(DEBUG) --> File is excluded.
(DEBUG) Check if /home/federico/Documents/Curso_Zephyr/taskworkspace/zephyr-course/twister-out/native_sim_native/host/homework.unit.ring_buf/zephyr/CMakeFiles/zephyr.dir/subsys/logging/log_core.c.gcda is included (trace)...
(DEBUG)   No filter matched.
(DEBUG) --> File is excluded.
(DEBUG) Check if /home/federico/Documents/Curso_Zephyr/taskworkspace/zephyr-course/twister-out/native_sim_native/host/homework.unit.ring_buf/zephyr/CMakeFiles/zephyr.dir/subsys/logging/log_core.c.gcda is included (trace)...
(DEBUG) --> File is excluded.
(DEBUG) Check if log_core.c##9b922ca90ec9a3187c7316856772dbea.gcov.json.gz is included (gcov file)...
(DEBUG)   Filter AlwaysMatchFilter() matched.
(DEBUG) --> File is included.
(DEBUG) Check if /home/federico/Documents/Curso_Zephyr/taskworkspace/zephyr-course/app/modules/ring_buf/log_core.c##9b922ca90ec9a3187c7316856772dbea.gcov.json.gz is included (trace)...
(DEBUG)   No filter matched.
(DEBUG) --> File is excluded.
(DEBUG) Check if /home/federico/Documents/Curso_Zephyr/taskworkspace/deps/zephyr/subsys/logging/log_core.c is included (source file)...
(DEBUG)   No filter matched.
(DEBUG) --> File is excluded.
(DEBUG) Check if /home/federico/Documents/Curso_Zephyr/taskworkspace/zephyr-course/twister-out/native_sim_native/host/homework.unit.ring_buf/zephyr/include/generated/zephyr/syscalls/log_ctrl.h is included (source file)...
(DEBUG)   No filter matched.
(DEBUG) --> File is excluded.
(DEBUG) Check if /home/federico/Documents/Curso_Zephyr/taskworkspace/deps/zephyr/include/zephyr/logging/log_backend.h is included (source file)...
(DEBUG)   No filter matched.
(DEBUG) --> File is excluded.
(DEBUG) Check if /home/federico/Documents/Curso_Zephyr/taskworkspace/zephyr-course/twister-out/native_sim_native/host/homework.unit.ring_buf/zephyr/include/generated/zephyr/syscalls/kernel.h is included (source file)...
(DEBUG) --> File is excluded.
(DEBUG) Check if /home/federico/Documents/Curso_Zephyr/taskworkspace/deps/zephyr/include/zephyr/kernel.h is included (source file)...
(DEBUG) --> File is excluded.
(DEBUG) Check if /home/federico/Documents/Curso_Zephyr/taskworkspace/deps/zephyr/include/zephyr/spinlock.h is included (source file)...
(DEBUG) --> File is excluded.
(DEBUG) Check if /home/federico/Documents/Curso_Zephyr/taskworkspace/deps/zephyr/include/zephyr/logging/log_msg.h is included (source file)...
(DEBUG) --> File is excluded.
(DEBUG) Check if /home/federico/Documents/Curso_Zephyr/taskworkspace/deps/zephyr/include/zephyr/arch/posix/arch.h is included (source file)...
(DEBUG) --> File is excluded.
(DEBUG) Check if /home/federico/Documents/Curso_Zephyr/taskworkspace/deps/zephyr/include/zephyr/sys/atomic_builtin.h is included (source file)...
(DEBUG)   No filter matched.
(DEBUG) --> File is excluded.
(DEBUG) Check if /home/federico/Documents/Curso_Zephyr/taskworkspace/zephyr-course/twister-out/native_sim_native/host/homework.unit.ring_buf/zephyr/CMakeFiles/zephyr.dir/subsys/logging/log_mgmt.c.gcda is included (trace)...
(DEBUG)   No filter matched.
(DEBUG) --> File is excluded.
(DEBUG) Check if /home/federico/Documents/Curso_Zephyr/taskworkspace/zephyr-course/twister-out/native_sim_native/host/homework.unit.ring_buf/zephyr/CMakeFiles/zephyr.dir/subsys/logging/log_mgmt.c.gcda is included (trace)...
(DEBUG) --> File is excluded.
(DEBUG) Check if log_mgmt.c##3526c0397c6a44ad3c901a86365f7b74.gcov.json.gz is included (gcov file)...
(DEBUG)   Filter AlwaysMatchFilter() matched.
(DEBUG) --> File is included.
(DEBUG) Check if /home/federico/Documents/Curso_Zephyr/taskworkspace/zephyr-course/app/modules/ring_buf/log_mgmt.c##3526c0397c6a44ad3c901a86365f7b74.gcov.json.gz is included (trace)...
(DEBUG)   No filter matched.
(DEBUG) --> File is excluded.
(DEBUG) Check if /home/federico/Documents/Curso_Zephyr/taskworkspace/deps/zephyr/subsys/logging/log_mgmt.c is included (source file)...
(DEBUG)   No filter matched.
(DEBUG) --> File is excluded.
(DEBUG) Check if /home/federico/Documents/Curso_Zephyr/taskworkspace/deps/zephyr/include/zephyr/logging/log_link.h is included (source file)...
(DEBUG)   No filter matched.
(DEBUG) --> File is excluded.
(DEBUG) Check if /home/federico/Documents/Curso_Zephyr/taskworkspace/zephyr-course/twister-out/native_sim_native/host/homework.unit.ring_buf/zephyr/include/generated/zephyr/syscalls/log_ctrl.h is included (source file)...
(DEBUG) --> File is excluded.
(DEBUG) Check if /home/federico/Documents/Curso_Zephyr/taskworkspace/deps/zephyr/include/zephyr/logging/log_backend.h is included (source file)...
(DEBUG) --> File is excluded.
(DEBUG) Check if /home/federico/Documents/Curso_Zephyr/taskworkspace/deps/zephyr/include/zephyr/logging/log_internal.h is included (source file)...
(DEBUG)   No filter matched.
(DEBUG) --> File is excluded.
(DEBUG) Check if /home/federico/Documents/Curso_Zephyr/taskworkspace/deps/zephyr/include/zephyr/logging/log_core.h is included (source file)...
(DEBUG)   No filter matched.
(DEBUG) --> File is excluded.
(DEBUG) Check if /home/federico/Documents/Curso_Zephyr/taskworkspace/zephyr-course/twister-out/native_sim_native/host/homework.unit.ring_buf/zephyr/CMakeFiles/zephyr.dir/subsys/logging/log_msg.c.gcda is included (trace)...
(DEBUG)   No filter matched.
(DEBUG) --> File is excluded.
(DEBUG) Check if /home/federico/Documents/Curso_Zephyr/taskworkspace/zephyr-course/twister-out/native_sim_native/host/homework.unit.ring_buf/zephyr/CMakeFiles/zephyr.dir/subsys/logging/log_msg.c.gcda is included (trace)...
(DEBUG) --> File is excluded.
(DEBUG) Check if log_msg.c##c5d6ec09074e6f8515f6be535866f056.gcov.json.gz is included (gcov file)...
(DEBUG)   Filter AlwaysMatchFilter() matched.
(DEBUG) --> File is included.
(DEBUG) Check if /home/federico/Documents/Curso_Zephyr/taskworkspace/zephyr-course/app/modules/ring_buf/log_msg.c##c5d6ec09074e6f8515f6be535866f056.gcov.json.gz is included (trace)...
(DEBUG)   No filter matched.
(DEBUG) --> File is excluded.
(DEBUG) Check if /home/federico/Documents/Curso_Zephyr/taskworkspace/deps/zephyr/subsys/logging/log_msg.c is included (source file)...
(DEBUG)   No filter matched.
(DEBUG) --> File is excluded.
(DEBUG) Check if /home/federico/Documents/Curso_Zephyr/taskworkspace/deps/zephyr/include/zephyr/logging/log_internal.h is included (source file)...
(DEBUG) --> File is excluded.
(DEBUG) Check if /home/federico/Documents/Curso_Zephyr/taskworkspace/deps/zephyr/include/zephyr/logging/log_core.h is included (source file)...
(DEBUG) --> File is excluded.
(DEBUG) Check if /home/federico/Documents/Curso_Zephyr/taskworkspace/deps/zephyr/include/zephyr/logging/log_msg.h is included (source file)...
(DEBUG) --> File is excluded.
(DEBUG) Check if /home/federico/Documents/Curso_Zephyr/taskworkspace/deps/zephyr/include/zephyr/sys/cbprintf.h is included (source file)...
(DEBUG) --> File is excluded.
(DEBUG) Check if /home/federico/Documents/Curso_Zephyr/taskworkspace/zephyr-course/twister-out/native_sim_native/host/homework.unit.ring_buf/zephyr/CMakeFiles/zephyr.dir/subsys/logging/log_output.c.gcda is included (trace)...
(DEBUG)   No filter matched.
(DEBUG) --> File is excluded.
(DEBUG) Check if /home/federico/Documents/Curso_Zephyr/taskworkspace/zephyr-course/twister-out/native_sim_native/host/homework.unit.ring_buf/zephyr/CMakeFiles/zephyr.dir/subsys/logging/log_output.c.gcda is included (trace)...
(DEBUG) --> File is excluded.
(DEBUG) Check if log_output.c##e10967d930ebbd1be2f64072c5e121f8.gcov.json.gz is included (gcov file)...
(DEBUG)   Filter AlwaysMatchFilter() matched.
(DEBUG) --> File is included.
(DEBUG) Check if /home/federico/Documents/Curso_Zephyr/taskworkspace/zephyr-course/app/modules/ring_buf/log_output.c##e10967d930ebbd1be2f64072c5e121f8.gcov.json.gz is included (trace)...
(DEBUG)   No filter matched.
(DEBUG) --> File is excluded.
(DEBUG) Check if /home/federico/Documents/Curso_Zephyr/taskworkspace/deps/zephyr/subsys/logging/log_output.c is included (source file)...
(DEBUG)   No filter matched.
(DEBUG) --> File is excluded.
(DEBUG) Check if /home/federico/Documents/Curso_Zephyr/taskworkspace/deps/zephyr/include/zephyr/logging/log_output.h is included (source file)...
(DEBUG) --> File is excluded.
(DEBUG) Check if /home/federico/Documents/Curso_Zephyr/taskworkspace/deps/zephyr/include/zephyr/logging/log_msg.h is included (source file)...
(DEBUG) --> File is excluded.
(DEBUG) Check if /home/federico/Documents/Curso_Zephyr/taskworkspace/deps/zephyr/include/zephyr/sys/cbprintf.h is included (source file)...
(DEBUG) --> File is excluded.
(DEBUG) Check if /home/federico/Documents/Curso_Zephyr/taskworkspace/zephyr-course/twister-out/native_sim_native/host/homework.unit.ring_buf/zephyr/CMakeFiles/zephyr.dir/subsys/tracing/tracing_none.c.gcda is included (trace)...
(DEBUG)   No filter matched.
(DEBUG) --> File is excluded.
(DEBUG) Check if /home/federico/Documents/Curso_Zephyr/taskworkspace/zephyr-course/twister-out/native_sim_native/host/homework.unit.ring_buf/zephyr/CMakeFiles/zephyr.dir/subsys/tracing/tracing_none.c.gcda is included (trace)...
(DEBUG) --> File is excluded.
(DEBUG) Check if tracing_none.c##375563348240c122fba16aca3f64dc9d.gcov.json.gz is included (gcov file)...
(DEBUG)   Filter AlwaysMatchFilter() matched.
(DEBUG) --> File is included.
(DEBUG) Check if /home/federico/Documents/Curso_Zephyr/taskworkspace/zephyr-course/app/modules/ring_buf/tracing_none.c##375563348240c122fba16aca3f64dc9d.gcov.json.gz is included (trace)...
(DEBUG)   No filter matched.
(DEBUG) --> File is excluded.
(DEBUG) Check if /home/federico/Documents/Curso_Zephyr/taskworkspace/deps/zephyr/subsys/tracing/tracing_none.c is included (source file)...
(DEBUG)   No filter matched.
(DEBUG) --> File is excluded.
(DEBUG) Check if /home/federico/Documents/Curso_Zephyr/taskworkspace/zephyr-course/twister-out/native_sim_native/host/homework.unit.ring_buf/zephyr/CMakeFiles/zephyr_pre0.dir/misc/empty_file.c.gcno is included (trace)...
(DEBUG)   No filter matched.
(DEBUG) --> File is excluded.
(DEBUG) Check if /home/federico/Documents/Curso_Zephyr/taskworkspace/zephyr-course/twister-out/native_sim_native/host/homework.unit.ring_buf/zephyr/CMakeFiles/zephyr_pre0.dir/misc/empty_file.c.gcno is included (trace)...
(DEBUG) --> File is excluded.
(DEBUG) Check if empty_file.c##db1146e2958618dd839c5525348f91da.gcov.json.gz is included (gcov file)...
(DEBUG)   Filter AlwaysMatchFilter() matched.
(DEBUG) --> File is included.
(DEBUG) Check if /home/federico/Documents/Curso_Zephyr/taskworkspace/zephyr-course/app/modules/ring_buf/empty_file.c##db1146e2958618dd839c5525348f91da.gcov.json.gz is included (trace)...
(DEBUG)   No filter matched.
(DEBUG) --> File is excluded.
(DEBUG) Check if /home/federico/Documents/Curso_Zephyr/taskworkspace/zephyr-course/twister-out/native_sim_native/host/homework.unit.ring_buf/zephyr/NSI/common/src/main.gcda is included (trace)...
(DEBUG)   No filter matched.
(DEBUG) --> File is excluded.
(DEBUG) Check if /home/federico/Documents/Curso_Zephyr/taskworkspace/zephyr-course/twister-out/native_sim_native/host/homework.unit.ring_buf/zephyr/NSI/common/src/main.gcda is included (trace)...
(DEBUG) --> File is excluded.
(DEBUG) Check if main##72c73016b03981dbd0c1e885d2294432.gcov.json.gz is included (gcov file)...
(DEBUG)   Filter AlwaysMatchFilter() matched.
(DEBUG) --> File is included.
(DEBUG) Check if /home/federico/Documents/Curso_Zephyr/taskworkspace/zephyr-course/app/modules/ring_buf/main##72c73016b03981dbd0c1e885d2294432.gcov.json.gz is included (trace)...
(DEBUG)   No filter matched.
(DEBUG) --> File is excluded.
(DEBUG) Check if /home/federico/Documents/Curso_Zephyr/taskworkspace/deps/zephyr/scripts/native_simulator/common/src/main.c is included (source file)...
(DEBUG)   No filter matched.
(DEBUG) --> File is excluded.
(DEBUG) Check if /home/federico/Documents/Curso_Zephyr/taskworkspace/deps/zephyr/scripts/native_simulator/common/src/include/nsi_hw_scheduler.h is included (source file)...
(DEBUG)   No filter matched.
(DEBUG) --> File is excluded.
(DEBUG) Check if /home/federico/Documents/Curso_Zephyr/taskworkspace/zephyr-course/twister-out/native_sim_native/host/homework.unit.ring_buf/zephyr/NSI/common/src/nce.gcda is included (trace)...
(DEBUG)   No filter matched.
(DEBUG) --> File is excluded.
(DEBUG) Check if /home/federico/Documents/Curso_Zephyr/taskworkspace/zephyr-course/twister-out/native_sim_native/host/homework.unit.ring_buf/zephyr/NSI/common/src/nce.gcda is included (trace)...
(DEBUG) --> File is excluded.
(DEBUG) Check if nce##b5c35ed07288651846a957ba10e09be8.gcov.json.gz is included (gcov file)...
(DEBUG)   Filter AlwaysMatchFilter() matched.
(DEBUG) --> File is included.
(DEBUG) Check if /home/federico/Documents/Curso_Zephyr/taskworkspace/zephyr-course/app/modules/ring_buf/nce##b5c35ed07288651846a957ba10e09be8.gcov.json.gz is included (trace)...
(DEBUG)   No filter matched.
(DEBUG) --> File is excluded.
(DEBUG) Check if /home/federico/Documents/Curso_Zephyr/taskworkspace/deps/zephyr/scripts/native_simulator/common/src/nce.c is included (source file)...
(DEBUG)   No filter matched.
(DEBUG) --> File is excluded.
(DEBUG) Check if /home/federico/Documents/Curso_Zephyr/taskworkspace/deps/zephyr/scripts/native_simulator/common/src/nsi_safe_call.h is included (source file)...
(DEBUG)   No filter matched.
(DEBUG) --> File is excluded.
(DEBUG) Check if /home/federico/Documents/Curso_Zephyr/taskworkspace/zephyr-course/twister-out/native_sim_native/host/homework.unit.ring_buf/zephyr/NSI/common/src/nct.gcda is included (trace)...
(DEBUG)   No filter matched.
(DEBUG) --> File is excluded.
(DEBUG) Check if /home/federico/Documents/Curso_Zephyr/taskworkspace/zephyr-course/twister-out/native_sim_native/host/homework.unit.ring_buf/zephyr/NSI/common/src/nct.gcda is included (trace)...
(DEBUG) --> File is excluded.
(DEBUG) Check if nct##854084aa752f9753565972a6a0879d14.gcov.json.gz is included (gcov file)...
(DEBUG)   Filter AlwaysMatchFilter() matched.
(DEBUG) --> File is included.
(DEBUG) Check if /home/federico/Documents/Curso_Zephyr/taskworkspace/zephyr-course/app/modules/ring_buf/nct##854084aa752f9753565972a6a0879d14.gcov.json.gz is included (trace)...
(DEBUG)   No filter matched.
(DEBUG) --> File is excluded.
(DEBUG) Check if /home/federico/Documents/Curso_Zephyr/taskworkspace/deps/zephyr/scripts/native_simulator/common/src/nct.c is included (source file)...
(DEBUG)   No filter matched.
(DEBUG) --> File is excluded.
(DEBUG) Check if /home/federico/Documents/Curso_Zephyr/taskworkspace/deps/zephyr/scripts/native_simulator/common/src/nsi_safe_call.h is included (source file)...
(DEBUG) --> File is excluded.
(DEBUG) Check if /home/federico/Documents/Curso_Zephyr/taskworkspace/zephyr-course/twister-out/native_sim_native/host/homework.unit.ring_buf/zephyr/NSI/common/src/nsi_cpu_ctrl.gcda is included (trace)...
(DEBUG)   No filter matched.
(DEBUG) --> File is excluded.
(DEBUG) Check if /home/federico/Documents/Curso_Zephyr/taskworkspace/zephyr-course/twister-out/native_sim_native/host/homework.unit.ring_buf/zephyr/NSI/common/src/nsi_cpu_ctrl.gcda is included (trace)...
(DEBUG) --> File is excluded.
(DEBUG) Check if nsi_cpu_ctrl##f9d34f55c35142db4f1a6ea6a4fdf22e.gcov.json.gz is included (gcov file)...
(DEBUG)   Filter AlwaysMatchFilter() matched.
(DEBUG) --> File is included.
(DEBUG) Check if /home/federico/Documents/Curso_Zephyr/taskworkspace/zephyr-course/app/modules/ring_buf/nsi_cpu_ctrl##f9d34f55c35142db4f1a6ea6a4fdf22e.gcov.json.gz is included (trace)...
(DEBUG)   No filter matched.
(DEBUG) --> File is excluded.
(DEBUG) Check if /home/federico/Documents/Curso_Zephyr/taskworkspace/deps/zephyr/scripts/native_simulator/common/src/nsi_cpu_ctrl.c is included (source file)...
(DEBUG)   No filter matched.
(DEBUG) --> File is excluded.
(DEBUG) Check if /home/federico/Documents/Curso_Zephyr/taskworkspace/zephyr-course/twister-out/native_sim_native/host/homework.unit.ring_buf/zephyr/NSI/common/src/nsi_cpun_if.gcda is included (trace)...
(DEBUG)   No filter matched.
(DEBUG) --> File is excluded.
(DEBUG) Check if /home/federico/Documents/Curso_Zephyr/taskworkspace/zephyr-course/twister-out/native_sim_native/host/homework.unit.ring_buf/zephyr/NSI/common/src/nsi_cpun_if.gcda is included (trace)...
(DEBUG) --> File is excluded.
(DEBUG) Check if nsi_cpun_if##fc360740da576c58f6a06eb77a82be4e.gcov.json.gz is included (gcov file)...
(DEBUG)   Filter AlwaysMatchFilter() matched.
(DEBUG) --> File is included.
(DEBUG) Check if /home/federico/Documents/Curso_Zephyr/taskworkspace/zephyr-course/app/modules/ring_buf/nsi_cpun_if##fc360740da576c58f6a06eb77a82be4e.gcov.json.gz is included (trace)...
(DEBUG)   No filter matched.
(DEBUG) --> File is excluded.
(DEBUG) Check if /home/federico/Documents/Curso_Zephyr/taskworkspace/deps/zephyr/scripts/native_simulator/common/src/nsi_cpun_if.c is included (source file)...
(DEBUG)   No filter matched.
(DEBUG) --> File is excluded.
(DEBUG) Check if /home/federico/Documents/Curso_Zephyr/taskworkspace/zephyr-course/twister-out/native_sim_native/host/homework.unit.ring_buf/zephyr/NSI/common/src/nsi_errno.gcda is included (trace)...
(DEBUG)   No filter matched.
(DEBUG) --> File is excluded.
(DEBUG) Check if /home/federico/Documents/Curso_Zephyr/taskworkspace/zephyr-course/twister-out/native_sim_native/host/homework.unit.ring_buf/zephyr/NSI/common/src/nsi_errno.gcda is included (trace)...
(DEBUG) --> File is excluded.
(DEBUG) Check if nsi_errno##ba3fee8a6868ff907597e8acaa6b227c.gcov.json.gz is included (gcov file)...
(DEBUG)   Filter AlwaysMatchFilter() matched.
(DEBUG) --> File is included.
(DEBUG) Check if /home/federico/Documents/Curso_Zephyr/taskworkspace/zephyr-course/app/modules/ring_buf/nsi_errno##ba3fee8a6868ff907597e8acaa6b227c.gcov.json.gz is included (trace)...
(DEBUG)   No filter matched.
(DEBUG) --> File is excluded.
(DEBUG) Check if /home/federico/Documents/Curso_Zephyr/taskworkspace/deps/zephyr/scripts/native_simulator/common/src/nsi_errno.c is included (source file)...
(DEBUG)   No filter matched.
(DEBUG) --> File is excluded.
(DEBUG) Check if /home/federico/Documents/Curso_Zephyr/taskworkspace/zephyr-course/twister-out/native_sim_native/host/homework.unit.ring_buf/zephyr/NSI/common/src/nsi_host_trampolines.gcda is included (trace)...
(DEBUG)   No filter matched.
(DEBUG) --> File is excluded.
(DEBUG) Check if /home/federico/Documents/Curso_Zephyr/taskworkspace/zephyr-course/twister-out/native_sim_native/host/homework.unit.ring_buf/zephyr/NSI/common/src/nsi_host_trampolines.gcda is included (trace)...
(DEBUG) --> File is excluded.
(DEBUG) Check if nsi_host_trampolines##3c0b333cc0ecbe36c499bab1f61be129.gcov.json.gz is included (gcov file)...
(DEBUG)   Filter AlwaysMatchFilter() matched.
(DEBUG) --> File is included.
(DEBUG) Check if /home/federico/Documents/Curso_Zephyr/taskworkspace/zephyr-course/app/modules/ring_buf/nsi_host_trampolines##3c0b333cc0ecbe36c499bab1f61be129.gcov.json.gz is included (trace)...
(DEBUG)   No filter matched.
(DEBUG) --> File is excluded.
(DEBUG) Check if /home/federico/Documents/Curso_Zephyr/taskworkspace/deps/zephyr/scripts/native_simulator/common/src/nsi_host_trampolines.c is included (source file)...
(DEBUG)   No filter matched.
(DEBUG) --> File is excluded.
(DEBUG) Check if /home/federico/Documents/Curso_Zephyr/taskworkspace/zephyr-course/twister-out/native_sim_native/host/homework.unit.ring_buf/zephyr/NSI/common/src/nsi_hw_scheduler.gcda is included (trace)...
(DEBUG)   No filter matched.
(DEBUG) --> File is excluded.
(DEBUG) Check if /home/federico/Documents/Curso_Zephyr/taskworkspace/zephyr-course/twister-out/native_sim_native/host/homework.unit.ring_buf/zephyr/NSI/common/src/nsi_hw_scheduler.gcda is included (trace)...
(DEBUG) --> File is excluded.
(DEBUG) Check if nsi_hw_scheduler##d8020b41d57f8c399370f13dba3654e5.gcov.json.gz is included (gcov file)...
(DEBUG)   Filter AlwaysMatchFilter() matched.
(DEBUG) --> File is included.
(DEBUG) Check if /home/federico/Documents/Curso_Zephyr/taskworkspace/zephyr-course/app/modules/ring_buf/nsi_hw_scheduler##d8020b41d57f8c399370f13dba3654e5.gcov.json.gz is included (trace)...
(DEBUG)   No filter matched.
(DEBUG) --> File is excluded.
(DEBUG) Check if /home/federico/Documents/Curso_Zephyr/taskworkspace/deps/zephyr/scripts/native_simulator/common/src/nsi_hw_scheduler.c is included (source file)...
(DEBUG)   No filter matched.
(DEBUG) --> File is excluded.
(DEBUG) Check if /home/federico/Documents/Curso_Zephyr/taskworkspace/deps/zephyr/scripts/native_simulator/common/src/nsi_safe_call.h is included (source file)...
(DEBUG) --> File is excluded.
(DEBUG) Check if /home/federico/Documents/Curso_Zephyr/taskworkspace/zephyr-course/twister-out/native_sim_native/host/homework.unit.ring_buf/zephyr/NSI/common/src/nsi_tasks.gcda is included (trace)...
(DEBUG)   No filter matched.
(DEBUG) --> File is excluded.
(DEBUG) Check if /home/federico/Documents/Curso_Zephyr/taskworkspace/zephyr-course/twister-out/native_sim_native/host/homework.unit.ring_buf/zephyr/NSI/common/src/nsi_tasks.gcda is included (trace)...
(DEBUG) --> File is excluded.
(DEBUG) Check if nsi_tasks##ad1980edac8924397d9232e43c08f9fa.gcov.json.gz is included (gcov file)...
(DEBUG)   Filter AlwaysMatchFilter() matched.
(DEBUG) --> File is included.
(DEBUG) Check if /home/federico/Documents/Curso_Zephyr/taskworkspace/zephyr-course/app/modules/ring_buf/nsi_tasks##ad1980edac8924397d9232e43c08f9fa.gcov.json.gz is included (trace)...
(DEBUG)   No filter matched.
(DEBUG) --> File is excluded.
(DEBUG) Check if /home/federico/Documents/Curso_Zephyr/taskworkspace/deps/zephyr/scripts/native_simulator/common/src/nsi_tasks.c is included (source file)...
(DEBUG)   No filter matched.
(DEBUG) --> File is excluded.
(DEBUG) Check if /home/federico/Documents/Curso_Zephyr/taskworkspace/zephyr-course/twister-out/native_sim_native/host/homework.unit.ring_buf/zephyr/NSI/common/src/nsi_trace_varg.gcda is included (trace)...
(DEBUG)   No filter matched.
(DEBUG) --> File is excluded.
(DEBUG) Check if /home/federico/Documents/Curso_Zephyr/taskworkspace/zephyr-course/twister-out/native_sim_native/host/homework.unit.ring_buf/zephyr/NSI/common/src/nsi_trace_varg.gcda is included (trace)...
(DEBUG) --> File is excluded.
(DEBUG) Check if nsi_trace_varg##1c1816f842508f25c2506eba309a1db2.gcov.json.gz is included (gcov file)...
(DEBUG)   Filter AlwaysMatchFilter() matched.
(DEBUG) --> File is included.
(DEBUG) Check if /home/federico/Documents/Curso_Zephyr/taskworkspace/zephyr-course/app/modules/ring_buf/nsi_trace_varg##1c1816f842508f25c2506eba309a1db2.gcov.json.gz is included (trace)...
(DEBUG)   No filter matched.
(DEBUG) --> File is excluded.
(DEBUG) Check if /home/federico/Documents/Curso_Zephyr/taskworkspace/deps/zephyr/scripts/native_simulator/common/src/nsi_trace_varg.c is included (source file)...
(DEBUG)   No filter matched.
(DEBUG) --> File is excluded.
(DEBUG) Check if /home/federico/Documents/Curso_Zephyr/taskworkspace/zephyr-course/twister-out/native_sim_native/host/homework.unit.ring_buf/zephyr/NSI/common/src/nsi_weak_stubs.gcda is included (trace)...
(DEBUG)   No filter matched.
(DEBUG) --> File is excluded.
(DEBUG) Check if /home/federico/Documents/Curso_Zephyr/taskworkspace/zephyr-course/twister-out/native_sim_native/host/homework.unit.ring_buf/zephyr/NSI/common/src/nsi_weak_stubs.gcda is included (trace)...
(DEBUG) --> File is excluded.
(DEBUG) Check if nsi_weak_stubs##6940fd36f227c30dec6eb02af4f89121.gcov.json.gz is included (gcov file)...
(DEBUG)   Filter AlwaysMatchFilter() matched.
(DEBUG) --> File is included.
(DEBUG) Check if /home/federico/Documents/Curso_Zephyr/taskworkspace/zephyr-course/app/modules/ring_buf/nsi_weak_stubs##6940fd36f227c30dec6eb02af4f89121.gcov.json.gz is included (trace)...
(DEBUG)   No filter matched.
(DEBUG) --> File is excluded.
(DEBUG) Check if /home/federico/Documents/Curso_Zephyr/taskworkspace/deps/zephyr/scripts/native_simulator/common/src/nsi_weak_stubs.c is included (source file)...
(DEBUG)   No filter matched.
(DEBUG) --> File is excluded.
(DEBUG) Check if /home/federico/Documents/Curso_Zephyr/taskworkspace/zephyr-course/twister-out/native_sim_native/host/homework.unit.ring_buf/zephyr/NSI/native/src/hw_counter.gcda is included (trace)...
(DEBUG)   No filter matched.
(DEBUG) --> File is excluded.
(DEBUG) Check if /home/federico/Documents/Curso_Zephyr/taskworkspace/zephyr-course/twister-out/native_sim_native/host/homework.unit.ring_buf/zephyr/NSI/native/src/hw_counter.gcda is included (trace)...
(DEBUG) --> File is excluded.
(DEBUG) Check if hw_counter##60931a6431afba1b9d4c467997bceb18.gcov.json.gz is included (gcov file)...
(DEBUG)   Filter AlwaysMatchFilter() matched.
(DEBUG) --> File is included.
(DEBUG) Check if /home/federico/Documents/Curso_Zephyr/taskworkspace/zephyr-course/app/modules/ring_buf/hw_counter##60931a6431afba1b9d4c467997bceb18.gcov.json.gz is included (trace)...
(DEBUG)   No filter matched.
(DEBUG) --> File is excluded.
(DEBUG) Check if /home/federico/Documents/Curso_Zephyr/taskworkspace/deps/zephyr/scripts/native_simulator/native/src/hw_counter.c is included (source file)...
(DEBUG)   No filter matched.
(DEBUG) --> File is excluded.
(DEBUG) Check if /home/federico/Documents/Curso_Zephyr/taskworkspace/deps/zephyr/scripts/native_simulator/common/src/include/nsi_hw_scheduler.h is included (source file)...
(DEBUG) --> File is excluded.
(DEBUG) Check if /home/federico/Documents/Curso_Zephyr/taskworkspace/zephyr-course/twister-out/native_sim_native/host/homework.unit.ring_buf/zephyr/NSI/native/src/irq_ctrl.gcda is included (trace)...
(DEBUG)   No filter matched.
(DEBUG) --> File is excluded.
(DEBUG) Check if /home/federico/Documents/Curso_Zephyr/taskworkspace/zephyr-course/twister-out/native_sim_native/host/homework.unit.ring_buf/zephyr/NSI/native/src/irq_ctrl.gcda is included (trace)...
(DEBUG) --> File is excluded.
(DEBUG) Check if irq_ctrl##45fcfcba0854e85e7bb2cdb671b3b9ad.gcov.json.gz is included (gcov file)...
(DEBUG)   Filter AlwaysMatchFilter() matched.
(DEBUG) --> File is included.
(DEBUG) Check if /home/federico/Documents/Curso_Zephyr/taskworkspace/zephyr-course/app/modules/ring_buf/irq_ctrl##45fcfcba0854e85e7bb2cdb671b3b9ad.gcov.json.gz is included (trace)...
(DEBUG)   No filter matched.
(DEBUG) --> File is excluded.
(DEBUG) Check if /home/federico/Documents/Curso_Zephyr/taskworkspace/deps/zephyr/scripts/native_simulator/native/src/irq_ctrl.c is included (source file)...
(DEBUG)   No filter matched.
(DEBUG) --> File is excluded.
(DEBUG) Check if /home/federico/Documents/Curso_Zephyr/taskworkspace/deps/zephyr/scripts/native_simulator/common/src/include/nsi_hw_scheduler.h is included (source file)...
(DEBUG) --> File is excluded.
(DEBUG) Check if /home/federico/Documents/Curso_Zephyr/taskworkspace/deps/zephyr/scripts/native_simulator/common/src/nsi_internal.h is included (source file)...
(DEBUG)   No filter matched.
(DEBUG) --> File is excluded.
(DEBUG) Check if /home/federico/Documents/Curso_Zephyr/taskworkspace/zephyr-course/twister-out/native_sim_native/host/homework.unit.ring_buf/zephyr/NSI/native/src/native_rtc.gcda is included (trace)...
(DEBUG)   No filter matched.
(DEBUG) --> File is excluded.
(DEBUG) Check if /home/federico/Documents/Curso_Zephyr/taskworkspace/zephyr-course/twister-out/native_sim_native/host/homework.unit.ring_buf/zephyr/NSI/native/src/native_rtc.gcda is included (trace)...
(DEBUG) --> File is excluded.
(DEBUG) Check if native_rtc##448f4ab89c6277a944808ce0a238ecbf.gcov.json.gz is included (gcov file)...
(DEBUG)   Filter AlwaysMatchFilter() matched.
(DEBUG) --> File is included.
(DEBUG) Check if /home/federico/Documents/Curso_Zephyr/taskworkspace/zephyr-course/app/modules/ring_buf/native_rtc##448f4ab89c6277a944808ce0a238ecbf.gcov.json.gz is included (trace)...
(DEBUG)   No filter matched.
(DEBUG) --> File is excluded.
(DEBUG) Check if /home/federico/Documents/Curso_Zephyr/taskworkspace/deps/zephyr/scripts/native_simulator/native/src/native_rtc.c is included (source file)...
(DEBUG)   No filter matched.
(DEBUG) --> File is excluded.
(DEBUG) Check if /home/federico/Documents/Curso_Zephyr/taskworkspace/deps/zephyr/scripts/native_simulator/common/src/include/nsi_hw_scheduler.h is included (source file)...
(DEBUG) --> File is excluded.
(DEBUG) Check if /home/federico/Documents/Curso_Zephyr/taskworkspace/zephyr-course/twister-out/native_sim_native/host/homework.unit.ring_buf/zephyr/NSI/native/src/nsi_cmdline.gcda is included (trace)...
(DEBUG)   No filter matched.
(DEBUG) --> File is excluded.
(DEBUG) Check if /home/federico/Documents/Curso_Zephyr/taskworkspace/zephyr-course/twister-out/native_sim_native/host/homework.unit.ring_buf/zephyr/NSI/native/src/nsi_cmdline.gcda is included (trace)...
(DEBUG) --> File is excluded.
(DEBUG) Check if nsi_cmdline##cffc1d8bda875837d3daa6bd81197ca6.gcov.json.gz is included (gcov file)...
(DEBUG)   Filter AlwaysMatchFilter() matched.
(DEBUG) --> File is included.
(DEBUG) Check if /home/federico/Documents/Curso_Zephyr/taskworkspace/zephyr-course/app/modules/ring_buf/nsi_cmdline##cffc1d8bda875837d3daa6bd81197ca6.gcov.json.gz is included (trace)...
(DEBUG)   No filter matched.
(DEBUG) --> File is excluded.
(DEBUG) Check if /home/federico/Documents/Curso_Zephyr/taskworkspace/deps/zephyr/scripts/native_simulator/native/src/nsi_cmdline.c is included (source file)...
(DEBUG)   No filter matched.
(DEBUG) --> File is excluded.
(DEBUG) Check if /home/federico/Documents/Curso_Zephyr/taskworkspace/zephyr-course/twister-out/native_sim_native/host/homework.unit.ring_buf/zephyr/NSI/native/src/nsi_cmdline_common.gcda is included (trace)...
(DEBUG)   No filter matched.
(DEBUG) --> File is excluded.
(DEBUG) Check if /home/federico/Documents/Curso_Zephyr/taskworkspace/zephyr-course/twister-out/native_sim_native/host/homework.unit.ring_buf/zephyr/NSI/native/src/nsi_cmdline_common.gcda is included (trace)...
(DEBUG) --> File is excluded.
(DEBUG) Check if nsi_cmdline_common##906430dfa5bce2d33a7e37d54ba53f73.gcov.json.gz is included (gcov file)...
(DEBUG)   Filter AlwaysMatchFilter() matched.
(DEBUG) --> File is included.
(DEBUG) Check if /home/federico/Documents/Curso_Zephyr/taskworkspace/zephyr-course/app/modules/ring_buf/nsi_cmdline_common##906430dfa5bce2d33a7e37d54ba53f73.gcov.json.gz is included (trace)...
(DEBUG)   No filter matched.
(DEBUG) --> File is excluded.
(DEBUG) Check if /home/federico/Documents/Curso_Zephyr/taskworkspace/deps/zephyr/scripts/native_simulator/native/src/nsi_cmdline_common.c is included (source file)...
(DEBUG)   No filter matched.
(DEBUG) --> File is excluded.
(DEBUG) Check if /home/federico/Documents/Curso_Zephyr/taskworkspace/zephyr-course/twister-out/native_sim_native/host/homework.unit.ring_buf/zephyr/NSI/native/src/nsi_trace.gcda is included (trace)...
(DEBUG)   No filter matched.
(DEBUG) --> File is excluded.
(DEBUG) Check if /home/federico/Documents/Curso_Zephyr/taskworkspace/zephyr-course/twister-out/native_sim_native/host/homework.unit.ring_buf/zephyr/NSI/native/src/nsi_trace.gcda is included (trace)...
(DEBUG) --> File is excluded.
(DEBUG) Check if nsi_trace##3599f95f1393c00bb4e4f51b720a8062.gcov.json.gz is included (gcov file)...
(DEBUG)   Filter AlwaysMatchFilter() matched.
(DEBUG) --> File is included.
(DEBUG) Check if /home/federico/Documents/Curso_Zephyr/taskworkspace/zephyr-course/app/modules/ring_buf/nsi_trace##3599f95f1393c00bb4e4f51b720a8062.gcov.json.gz is included (trace)...
(DEBUG)   No filter matched.
(DEBUG) --> File is excluded.
(DEBUG) Check if /home/federico/Documents/Curso_Zephyr/taskworkspace/deps/zephyr/scripts/native_simulator/native/src/nsi_trace.c is included (source file)...
(DEBUG)   No filter matched.
(DEBUG) --> File is excluded.
(DEBUG) Check if /home/federico/Documents/Curso_Zephyr/taskworkspace/zephyr-course/twister-out/native_sim_native/host/homework.unit.ring_buf/zephyr/NSI/native/src/timer_model.gcda is included (trace)...
(DEBUG)   No filter matched.
(DEBUG) --> File is excluded.
(DEBUG) Check if /home/federico/Documents/Curso_Zephyr/taskworkspace/zephyr-course/twister-out/native_sim_native/host/homework.unit.ring_buf/zephyr/NSI/native/src/timer_model.gcda is included (trace)...
(DEBUG) --> File is excluded.
(DEBUG) Check if timer_model##75685fa9f44bf8286e211f73431e169f.gcov.json.gz is included (gcov file)...
(DEBUG)   Filter AlwaysMatchFilter() matched.
(DEBUG) --> File is included.
(DEBUG) Check if /home/federico/Documents/Curso_Zephyr/taskworkspace/zephyr-course/app/modules/ring_buf/timer_model##75685fa9f44bf8286e211f73431e169f.gcov.json.gz is included (trace)...
(DEBUG)   No filter matched.
(DEBUG) --> File is excluded.
(DEBUG) Check if /home/federico/Documents/Curso_Zephyr/taskworkspace/deps/zephyr/scripts/native_simulator/native/src/timer_model.c is included (source file)...
(DEBUG)   No filter matched.
(DEBUG) --> File is excluded.
(DEBUG) Check if /home/federico/Documents/Curso_Zephyr/taskworkspace/deps/zephyr/scripts/native_simulator/common/src/include/nsi_hw_scheduler.h is included (source file)...
(DEBUG) --> File is excluded.
(DEBUG) Check if /home/federico/Documents/Curso_Zephyr/taskworkspace/zephyr-course/twister-out/native_sim_native/host/homework.unit.ring_buf/zephyr/arch/arch/posix/core/CMakeFiles/arch__posix__core.dir/cpuhalt.c.gcda is included (trace)...
(DEBUG)   No filter matched.
(DEBUG) --> File is excluded.
(DEBUG) Check if /home/federico/Documents/Curso_Zephyr/taskworkspace/zephyr-course/twister-out/native_sim_native/host/homework.unit.ring_buf/zephyr/arch/arch/posix/core/CMakeFiles/arch__posix__core.dir/cpuhalt.c.gcda is included (trace)...
(DEBUG) --> File is excluded.
(DEBUG) Check if cpuhalt.c##ec4fe96c730464d3259c44b8212d2648.gcov.json.gz is included (gcov file)...
(DEBUG)   Filter AlwaysMatchFilter() matched.
(DEBUG) --> File is included.
(DEBUG) Check if /home/federico/Documents/Curso_Zephyr/taskworkspace/zephyr-course/app/modules/ring_buf/cpuhalt.c##ec4fe96c730464d3259c44b8212d2648.gcov.json.gz is included (trace)...
(DEBUG)   No filter matched.
(DEBUG) --> File is excluded.
(DEBUG) Check if /home/federico/Documents/Curso_Zephyr/taskworkspace/deps/zephyr/arch/posix/core/cpuhalt.c is included (source file)...
(DEBUG)   No filter matched.
(DEBUG) --> File is excluded.
(DEBUG) Check if /home/federico/Documents/Curso_Zephyr/taskworkspace/zephyr-course/twister-out/native_sim_native/host/homework.unit.ring_buf/zephyr/arch/arch/posix/core/CMakeFiles/arch__posix__core.dir/fatal.c.gcda is included (trace)...
(DEBUG)   No filter matched.
(DEBUG) --> File is excluded.
(DEBUG) Check if /home/federico/Documents/Curso_Zephyr/taskworkspace/zephyr-course/twister-out/native_sim_native/host/homework.unit.ring_buf/zephyr/arch/arch/posix/core/CMakeFiles/arch__posix__core.dir/fatal.c.gcda is included (trace)...
(DEBUG) --> File is excluded.
(DEBUG) Check if fatal.c##234efcc4593c578eb68dcaf367a7b9fb.gcov.json.gz is included (gcov file)...
(DEBUG)   Filter AlwaysMatchFilter() matched.
(DEBUG) --> File is included.
(DEBUG) Check if /home/federico/Documents/Curso_Zephyr/taskworkspace/zephyr-course/app/modules/ring_buf/fatal.c##234efcc4593c578eb68dcaf367a7b9fb.gcov.json.gz is included (trace)...
(DEBUG)   No filter matched.
(DEBUG) --> File is excluded.
(DEBUG) Check if /home/federico/Documents/Curso_Zephyr/taskworkspace/deps/zephyr/arch/posix/core/fatal.c is included (source file)...
(DEBUG)   No filter matched.
(DEBUG) --> File is excluded.
(DEBUG) Check if /home/federico/Documents/Curso_Zephyr/taskworkspace/zephyr-course/twister-out/native_sim_native/host/homework.unit.ring_buf/zephyr/arch/arch/posix/core/CMakeFiles/arch__posix__core.dir/irq.c.gcda is included (trace)...
(DEBUG)   No filter matched.
(DEBUG) --> File is excluded.
(DEBUG) Check if /home/federico/Documents/Curso_Zephyr/taskworkspace/zephyr-course/twister-out/native_sim_native/host/homework.unit.ring_buf/zephyr/arch/arch/posix/core/CMakeFiles/arch__posix__core.dir/irq.c.gcda is included (trace)...
(DEBUG) --> File is excluded.
(DEBUG) Check if irq.c##7a4220e9fe1e2c59d918bbebcd97b4b9.gcov.json.gz is included (gcov file)...
(DEBUG)   Filter AlwaysMatchFilter() matched.
(DEBUG) --> File is included.
(DEBUG) Check if /home/federico/Documents/Curso_Zephyr/taskworkspace/zephyr-course/app/modules/ring_buf/irq.c##7a4220e9fe1e2c59d918bbebcd97b4b9.gcov.json.gz is included (trace)...
(DEBUG)   No filter matched.
(DEBUG) --> File is excluded.
(DEBUG) Check if /home/federico/Documents/Curso_Zephyr/taskworkspace/deps/zephyr/arch/posix/core/irq.c is included (source file)...
(DEBUG)   No filter matched.
(DEBUG) --> File is excluded.
(DEBUG) Check if /home/federico/Documents/Curso_Zephyr/taskworkspace/zephyr-course/twister-out/native_sim_native/host/homework.unit.ring_buf/zephyr/arch/arch/posix/core/CMakeFiles/arch__posix__core.dir/posix_core_nsi.c.gcda is included (trace)...
(DEBUG)   No filter matched.
(DEBUG) --> File is excluded.
(DEBUG) Check if /home/federico/Documents/Curso_Zephyr/taskworkspace/zephyr-course/twister-out/native_sim_native/host/homework.unit.ring_buf/zephyr/arch/arch/posix/core/CMakeFiles/arch__posix__core.dir/posix_core_nsi.c.gcda is included (trace)...
(DEBUG) --> File is excluded.
(DEBUG) Check if posix_core_nsi.c##1c544b0f58b56f5d9f6599d659b375fc.gcov.json.gz is included (gcov file)...
(DEBUG)   Filter AlwaysMatchFilter() matched.
(DEBUG) --> File is included.
(DEBUG) Check if /home/federico/Documents/Curso_Zephyr/taskworkspace/zephyr-course/app/modules/ring_buf/posix_core_nsi.c##1c544b0f58b56f5d9f6599d659b375fc.gcov.json.gz is included (trace)...
(DEBUG)   No filter matched.
(DEBUG) --> File is excluded.
(DEBUG) Check if /home/federico/Documents/Curso_Zephyr/taskworkspace/deps/zephyr/arch/posix/core/posix_core_nsi.c is included (source file)...
(DEBUG)   No filter matched.
(DEBUG) --> File is excluded.
(DEBUG) Check if /home/federico/Documents/Curso_Zephyr/taskworkspace/zephyr-course/twister-out/native_sim_native/host/homework.unit.ring_buf/zephyr/arch/arch/posix/core/CMakeFiles/arch__posix__core.dir/swap.c.gcda is included (trace)...
(DEBUG)   No filter matched.
(DEBUG) --> File is excluded.
(DEBUG) Check if /home/federico/Documents/Curso_Zephyr/taskworkspace/zephyr-course/twister-out/native_sim_native/host/homework.unit.ring_buf/zephyr/arch/arch/posix/core/CMakeFiles/arch__posix__core.dir/swap.c.gcda is included (trace)...
(DEBUG) --> File is excluded.
(DEBUG) Check if swap.c##527ece27f767ae8b0865f87237089b18.gcov.json.gz is included (gcov file)...
(DEBUG)   Filter AlwaysMatchFilter() matched.
(DEBUG) --> File is included.
(DEBUG) Check if /home/federico/Documents/Curso_Zephyr/taskworkspace/zephyr-course/app/modules/ring_buf/swap.c##527ece27f767ae8b0865f87237089b18.gcov.json.gz is included (trace)...
(DEBUG)   No filter matched.
(DEBUG) --> File is excluded.
(DEBUG) Check if /home/federico/Documents/Curso_Zephyr/taskworkspace/deps/zephyr/arch/posix/core/swap.c is included (source file)...
(DEBUG)   No filter matched.
(DEBUG) --> File is excluded.
(DEBUG) Check if /home/federico/Documents/Curso_Zephyr/taskworkspace/deps/zephyr/include/zephyr/arch/posix/arch.h is included (source file)...
(DEBUG) --> File is excluded.
(DEBUG) Check if /home/federico/Documents/Curso_Zephyr/taskworkspace/zephyr-course/twister-out/native_sim_native/host/homework.unit.ring_buf/zephyr/arch/arch/posix/core/CMakeFiles/arch__posix__core.dir/thread.c.gcda is included (trace)...
(DEBUG)   No filter matched.
(DEBUG) --> File is excluded.
(DEBUG) Check if /home/federico/Documents/Curso_Zephyr/taskworkspace/zephyr-course/twister-out/native_sim_native/host/homework.unit.ring_buf/zephyr/arch/arch/posix/core/CMakeFiles/arch__posix__core.dir/thread.c.gcda is included (trace)...
(DEBUG) --> File is excluded.
(DEBUG) Check if thread.c##9d47fe7237bc96bc807bf8f3f9c725a4.gcov.json.gz is included (gcov file)...
(DEBUG)   Filter AlwaysMatchFilter() matched.
(DEBUG) --> File is included.
(DEBUG) Check if /home/federico/Documents/Curso_Zephyr/taskworkspace/zephyr-course/app/modules/ring_buf/thread.c##9d47fe7237bc96bc807bf8f3f9c725a4.gcov.json.gz is included (trace)...
(DEBUG)   No filter matched.
(DEBUG) --> File is excluded.
(DEBUG) Check if /home/federico/Documents/Curso_Zephyr/taskworkspace/deps/zephyr/arch/posix/core/thread.c is included (source file)...
(DEBUG)   No filter matched.
(DEBUG) --> File is excluded.
(DEBUG) Check if /home/federico/Documents/Curso_Zephyr/taskworkspace/deps/zephyr/include/zephyr/arch/posix/arch.h is included (source file)...
(DEBUG) --> File is excluded.
(DEBUG) Check if /home/federico/Documents/Curso_Zephyr/taskworkspace/zephyr-course/twister-out/native_sim_native/host/homework.unit.ring_buf/zephyr/boards/native/native_sim/CMakeFiles/boards__native__native_sim.dir/cmdline.c.gcda is included (trace)...
(DEBUG)   No filter matched.
(DEBUG) --> File is excluded.
(DEBUG) Check if /home/federico/Documents/Curso_Zephyr/taskworkspace/zephyr-course/twister-out/native_sim_native/host/homework.unit.ring_buf/zephyr/boards/native/native_sim/CMakeFiles/boards__native__native_sim.dir/cmdline.c.gcda is included (trace)...
(DEBUG) --> File is excluded.
(DEBUG) Check if cmdline.c##d854c0e91d8db948e0b8d1056a3d4270.gcov.json.gz is included (gcov file)...
(DEBUG)   Filter AlwaysMatchFilter() matched.
(DEBUG) --> File is included.
(DEBUG) Check if /home/federico/Documents/Curso_Zephyr/taskworkspace/zephyr-course/app/modules/ring_buf/cmdline.c##d854c0e91d8db948e0b8d1056a3d4270.gcov.json.gz is included (trace)...
(DEBUG)   No filter matched.
(DEBUG) --> File is excluded.
(DEBUG) Check if /home/federico/Documents/Curso_Zephyr/taskworkspace/deps/zephyr/boards/native/native_sim/cmdline.c is included (source file)...
(DEBUG)   No filter matched.
(DEBUG) --> File is excluded.
(DEBUG) Check if /home/federico/Documents/Curso_Zephyr/taskworkspace/zephyr-course/twister-out/native_sim_native/host/homework.unit.ring_buf/zephyr/boards/native/native_sim/CMakeFiles/boards__native__native_sim.dir/cpu_wait.c.gcda is included (trace)...
(DEBUG)   No filter matched.
(DEBUG) --> File is excluded.
(DEBUG) Check if /home/federico/Documents/Curso_Zephyr/taskworkspace/zephyr-course/twister-out/native_sim_native/host/homework.unit.ring_buf/zephyr/boards/native/native_sim/CMakeFiles/boards__native__native_sim.dir/cpu_wait.c.gcda is included (trace)...
(DEBUG) --> File is excluded.
(DEBUG) Check if cpu_wait.c##29b3b92aa9e1ff10bc1d750990bd9635.gcov.json.gz is included (gcov file)...
(DEBUG)   Filter AlwaysMatchFilter() matched.
(DEBUG) --> File is included.
(DEBUG) Check if /home/federico/Documents/Curso_Zephyr/taskworkspace/zephyr-course/app/modules/ring_buf/cpu_wait.c##29b3b92aa9e1ff10bc1d750990bd9635.gcov.json.gz is included (trace)...
(DEBUG)   No filter matched.
(DEBUG) --> File is excluded.
(DEBUG) Check if /home/federico/Documents/Curso_Zephyr/taskworkspace/deps/zephyr/boards/native/native_sim/cpu_wait.c is included (source file)...
(DEBUG)   No filter matched.
(DEBUG) --> File is excluded.
(DEBUG) Check if /home/federico/Documents/Curso_Zephyr/taskworkspace/deps/zephyr/scripts/native_simulator/common/src/include/nsi_hw_scheduler.h is included (source file)...
(DEBUG) --> File is excluded.
(DEBUG) Check if /home/federico/Documents/Curso_Zephyr/taskworkspace/zephyr-course/twister-out/native_sim_native/host/homework.unit.ring_buf/zephyr/boards/native/native_sim/CMakeFiles/boards__native__native_sim.dir/irq_handler.c.gcda is included (trace)...
(DEBUG)   No filter matched.
(DEBUG) --> File is excluded.
(DEBUG) Check if /home/federico/Documents/Curso_Zephyr/taskworkspace/zephyr-course/twister-out/native_sim_native/host/homework.unit.ring_buf/zephyr/boards/native/native_sim/CMakeFiles/boards__native__native_sim.dir/irq_handler.c.gcda is included (trace)...
(DEBUG) --> File is excluded.
(DEBUG) Check if irq_handler.c##00ced0b74582c7bd1268f3e9f72ba16a.gcov.json.gz is included (gcov file)...
(DEBUG)   Filter AlwaysMatchFilter() matched.
(DEBUG) --> File is included.
(DEBUG) Check if /home/federico/Documents/Curso_Zephyr/taskworkspace/zephyr-course/app/modules/ring_buf/irq_handler.c##00ced0b74582c7bd1268f3e9f72ba16a.gcov.json.gz is included (trace)...
(DEBUG)   No filter matched.
(DEBUG) --> File is excluded.
(DEBUG) Check if /home/federico/Documents/Curso_Zephyr/taskworkspace/deps/zephyr/boards/native/native_sim/irq_handler.c is included (source file)...
(DEBUG)   No filter matched.
(DEBUG) --> File is excluded.
(DEBUG) Check if /home/federico/Documents/Curso_Zephyr/taskworkspace/deps/zephyr/kernel/include/kswap.h is included (source file)...
(DEBUG)   No filter matched.
(DEBUG) --> File is excluded.
(DEBUG) Check if /home/federico/Documents/Curso_Zephyr/taskworkspace/zephyr-course/twister-out/native_sim_native/host/homework.unit.ring_buf/zephyr/boards/native/native_sim/CMakeFiles/boards__native__native_sim.dir/misc.c.gcno is included (trace)...
(DEBUG)   No filter matched.
(DEBUG) --> File is excluded.
(DEBUG) Check if /home/federico/Documents/Curso_Zephyr/taskworkspace/zephyr-course/twister-out/native_sim_native/host/homework.unit.ring_buf/zephyr/boards/native/native_sim/CMakeFiles/boards__native__native_sim.dir/misc.c.gcno is included (trace)...
(DEBUG) --> File is excluded.
(DEBUG) Check if misc.c##0521c11a958e77c8ac4760a67bfa2af4.gcov.json.gz is included (gcov file)...
(DEBUG)   Filter AlwaysMatchFilter() matched.
(DEBUG) --> File is included.
(DEBUG) Check if /home/federico/Documents/Curso_Zephyr/taskworkspace/zephyr-course/app/modules/ring_buf/misc.c##0521c11a958e77c8ac4760a67bfa2af4.gcov.json.gz is included (trace)...
(DEBUG)   No filter matched.
(DEBUG) --> File is excluded.
(DEBUG) Check if /home/federico/Documents/Curso_Zephyr/taskworkspace/zephyr-course/twister-out/native_sim_native/host/homework.unit.ring_buf/zephyr/boards/native/native_sim/CMakeFiles/boards__native__native_sim.dir/nsi_if.c.gcda is included (trace)...
(DEBUG)   No filter matched.
(DEBUG) --> File is excluded.
(DEBUG) Check if /home/federico/Documents/Curso_Zephyr/taskworkspace/zephyr-course/twister-out/native_sim_native/host/homework.unit.ring_buf/zephyr/boards/native/native_sim/CMakeFiles/boards__native__native_sim.dir/nsi_if.c.gcda is included (trace)...
(DEBUG) --> File is excluded.
(DEBUG) Check if nsi_if.c##813caa9090c0cc0e091a7231d4f41f8e.gcov.json.gz is included (gcov file)...
(DEBUG)   Filter AlwaysMatchFilter() matched.
(DEBUG) --> File is included.
(DEBUG) Check if /home/federico/Documents/Curso_Zephyr/taskworkspace/zephyr-course/app/modules/ring_buf/nsi_if.c##813caa9090c0cc0e091a7231d4f41f8e.gcov.json.gz is included (trace)...
(DEBUG)   No filter matched.
(DEBUG) --> File is excluded.
(DEBUG) Check if /home/federico/Documents/Curso_Zephyr/taskworkspace/deps/zephyr/boards/native/native_sim/nsi_if.c is included (source file)...
(DEBUG)   No filter matched.
(DEBUG) --> File is excluded.
(DEBUG) Check if /home/federico/Documents/Curso_Zephyr/taskworkspace/zephyr-course/twister-out/native_sim_native/host/homework.unit.ring_buf/zephyr/boards/native/native_sim/CMakeFiles/boards__native__native_sim.dir/posix_arch_if.c.gcda is included (trace)...
(DEBUG)   No filter matched.
(DEBUG) --> File is excluded.
(DEBUG) Check if /home/federico/Documents/Curso_Zephyr/taskworkspace/zephyr-course/twister-out/native_sim_native/host/homework.unit.ring_buf/zephyr/boards/native/native_sim/CMakeFiles/boards__native__native_sim.dir/posix_arch_if.c.gcda is included (trace)...
(DEBUG) --> File is excluded.
(DEBUG) Check if posix_arch_if.c##3b4bc7b10de83c597d604d19c58a7244.gcov.json.gz is included (gcov file)...
(DEBUG)   Filter AlwaysMatchFilter() matched.
(DEBUG) --> File is included.
(DEBUG) Check if /home/federico/Documents/Curso_Zephyr/taskworkspace/zephyr-course/app/modules/ring_buf/posix_arch_if.c##3b4bc7b10de83c597d604d19c58a7244.gcov.json.gz is included (trace)...
(DEBUG)   No filter matched.
(DEBUG) --> File is excluded.
(DEBUG) Check if /home/federico/Documents/Curso_Zephyr/taskworkspace/deps/zephyr/boards/native/native_sim/posix_arch_if.c is included (source file)...
(DEBUG)   No filter matched.
(DEBUG) --> File is excluded.
(DEBUG) Check if /home/federico/Documents/Curso_Zephyr/taskworkspace/deps/zephyr/scripts/native_simulator/common/src/include/nsi_hw_scheduler.h is included (source file)...
(DEBUG) --> File is excluded.
(DEBUG) Check if /home/federico/Documents/Curso_Zephyr/taskworkspace/zephyr-course/twister-out/native_sim_native/host/homework.unit.ring_buf/zephyr/drivers/console/CMakeFiles/drivers__console.dir/posix_arch_console.c.gcda is included (trace)...
(DEBUG)   No filter matched.
(DEBUG) --> File is excluded.
(DEBUG) Check if /home/federico/Documents/Curso_Zephyr/taskworkspace/zephyr-course/twister-out/native_sim_native/host/homework.unit.ring_buf/zephyr/drivers/console/CMakeFiles/drivers__console.dir/posix_arch_console.c.gcda is included (trace)...
(DEBUG) --> File is excluded.
(DEBUG) Check if posix_arch_console.c##acb396fa3b18c72d5ae978fd6f9e4c38.gcov.json.gz is included (gcov file)...
(DEBUG)   Filter AlwaysMatchFilter() matched.
(DEBUG) --> File is included.
(DEBUG) Check if /home/federico/Documents/Curso_Zephyr/taskworkspace/zephyr-course/app/modules/ring_buf/posix_arch_console.c##acb396fa3b18c72d5ae978fd6f9e4c38.gcov.json.gz is included (trace)...
(DEBUG)   No filter matched.
(DEBUG) --> File is excluded.
(DEBUG) Check if /home/federico/Documents/Curso_Zephyr/taskworkspace/deps/zephyr/drivers/console/posix_arch_console.c is included (source file)...
(DEBUG)   No filter matched.
(DEBUG) --> File is excluded.
(DEBUG) Check if /home/federico/Documents/Curso_Zephyr/taskworkspace/zephyr-course/twister-out/native_sim_native/host/homework.unit.ring_buf/zephyr/drivers/timer/CMakeFiles/drivers__timer.dir/native_sim_timer.c.gcda is included (trace)...
(DEBUG)   No filter matched.
(DEBUG) --> File is excluded.
(DEBUG) Check if /home/federico/Documents/Curso_Zephyr/taskworkspace/zephyr-course/twister-out/native_sim_native/host/homework.unit.ring_buf/zephyr/drivers/timer/CMakeFiles/drivers__timer.dir/native_sim_timer.c.gcda is included (trace)...
(DEBUG) --> File is excluded.
(DEBUG) Check if native_sim_timer.c##208716efd88116c3107390c8c7c76d1b.gcov.json.gz is included (gcov file)...
(DEBUG)   Filter AlwaysMatchFilter() matched.
(DEBUG) --> File is included.
(DEBUG) Check if /home/federico/Documents/Curso_Zephyr/taskworkspace/zephyr-course/app/modules/ring_buf/native_sim_timer.c##208716efd88116c3107390c8c7c76d1b.gcov.json.gz is included (trace)...
(DEBUG)   No filter matched.
(DEBUG) --> File is excluded.
(DEBUG) Check if /home/federico/Documents/Curso_Zephyr/taskworkspace/deps/zephyr/drivers/timer/native_sim_timer.c is included (source file)...
(DEBUG)   No filter matched.
(DEBUG) --> File is excluded.
(DEBUG) Check if /home/federico/Documents/Curso_Zephyr/taskworkspace/deps/zephyr/scripts/native_simulator/common/src/include/nsi_hw_scheduler.h is included (source file)...
(DEBUG) --> File is excluded.
(DEBUG) Check if /home/federico/Documents/Curso_Zephyr/taskworkspace/zephyr-course/twister-out/native_sim_native/host/homework.unit.ring_buf/zephyr/drivers/timer/CMakeFiles/drivers__timer.dir/sys_clock_init.c.gcda is included (trace)...
(DEBUG)   No filter matched.
(DEBUG) --> File is excluded.
(DEBUG) Check if /home/federico/Documents/Curso_Zephyr/taskworkspace/zephyr-course/twister-out/native_sim_native/host/homework.unit.ring_buf/zephyr/drivers/timer/CMakeFiles/drivers__timer.dir/sys_clock_init.c.gcda is included (trace)...
(DEBUG) --> File is excluded.
(DEBUG) Check if sys_clock_init.c##2df59feaed18538e6cbb31ebfd56936b.gcov.json.gz is included (gcov file)...
(DEBUG)   Filter AlwaysMatchFilter() matched.
(DEBUG) --> File is included.
(DEBUG) Check if /home/federico/Documents/Curso_Zephyr/taskworkspace/zephyr-course/app/modules/ring_buf/sys_clock_init.c##2df59feaed18538e6cbb31ebfd56936b.gcov.json.gz is included (trace)...
(DEBUG)   No filter matched.
(DEBUG) --> File is excluded.
(DEBUG) Check if /home/federico/Documents/Curso_Zephyr/taskworkspace/deps/zephyr/drivers/timer/sys_clock_init.c is included (source file)...
(DEBUG)   No filter matched.
(DEBUG) --> File is excluded.
(DEBUG) Check if /home/federico/Documents/Curso_Zephyr/taskworkspace/zephyr-course/twister-out/native_sim_native/host/homework.unit.ring_buf/zephyr/kernel/CMakeFiles/kernel.dir/banner.c.gcda is included (trace)...
(DEBUG)   No filter matched.
(DEBUG) --> File is excluded.
(DEBUG) Check if /home/federico/Documents/Curso_Zephyr/taskworkspace/zephyr-course/twister-out/native_sim_native/host/homework.unit.ring_buf/zephyr/kernel/CMakeFiles/kernel.dir/banner.c.gcda is included (trace)...
(DEBUG) --> File is excluded.
(DEBUG) Check if banner.c##d92f62c4ec9dde56c16ada9acaaadea0.gcov.json.gz is included (gcov file)...
(DEBUG)   Filter AlwaysMatchFilter() matched.
(DEBUG) --> File is included.
(DEBUG) Check if /home/federico/Documents/Curso_Zephyr/taskworkspace/zephyr-course/app/modules/ring_buf/banner.c##d92f62c4ec9dde56c16ada9acaaadea0.gcov.json.gz is included (trace)...
(DEBUG)   No filter matched.
(DEBUG) --> File is excluded.
(DEBUG) Check if /home/federico/Documents/Curso_Zephyr/taskworkspace/deps/zephyr/kernel/banner.c is included (source file)...
(DEBUG)   No filter matched.
(DEBUG) --> File is excluded.
(DEBUG) Check if /home/federico/Documents/Curso_Zephyr/taskworkspace/zephyr-course/twister-out/native_sim_native/host/homework.unit.ring_buf/zephyr/kernel/CMakeFiles/kernel.dir/busy_wait.c.gcno is included (trace)...
(DEBUG)   No filter matched.
(DEBUG) --> File is excluded.
(DEBUG) Check if /home/federico/Documents/Curso_Zephyr/taskworkspace/zephyr-course/twister-out/native_sim_native/host/homework.unit.ring_buf/zephyr/kernel/CMakeFiles/kernel.dir/busy_wait.c.gcno is included (trace)...
(DEBUG) --> File is excluded.
(DEBUG) Check if busy_wait.c##7ce2ae476974802ba49eda826f34cb3c.gcov.json.gz is included (gcov file)...
(DEBUG)   Filter AlwaysMatchFilter() matched.
(DEBUG) --> File is included.
(DEBUG) Check if /home/federico/Documents/Curso_Zephyr/taskworkspace/zephyr-course/app/modules/ring_buf/busy_wait.c##7ce2ae476974802ba49eda826f34cb3c.gcov.json.gz is included (trace)...
(DEBUG)   No filter matched.
(DEBUG) --> File is excluded.
(DEBUG) Check if /home/federico/Documents/Curso_Zephyr/taskworkspace/deps/zephyr/kernel/busy_wait.c is included (source file)...
(DEBUG)   No filter matched.
(DEBUG) --> File is excluded.
(DEBUG) Check if /home/federico/Documents/Curso_Zephyr/taskworkspace/zephyr-course/twister-out/native_sim_native/host/homework.unit.ring_buf/zephyr/kernel/CMakeFiles/kernel.dir/condvar.c.gcno is included (trace)...
(DEBUG)   No filter matched.
(DEBUG) --> File is excluded.
(DEBUG) Check if /home/federico/Documents/Curso_Zephyr/taskworkspace/zephyr-course/twister-out/native_sim_native/host/homework.unit.ring_buf/zephyr/kernel/CMakeFiles/kernel.dir/condvar.c.gcno is included (trace)...
(DEBUG) --> File is excluded.
(DEBUG) Check if condvar.c##b848bda48ada8c4f1cbb55a44f02c4dd.gcov.json.gz is included (gcov file)...
(DEBUG)   Filter AlwaysMatchFilter() matched.
(DEBUG) --> File is included.
(DEBUG) Check if /home/federico/Documents/Curso_Zephyr/taskworkspace/zephyr-course/app/modules/ring_buf/condvar.c##b848bda48ada8c4f1cbb55a44f02c4dd.gcov.json.gz is included (trace)...
(DEBUG)   No filter matched.
(DEBUG) --> File is excluded.
(DEBUG) Check if /home/federico/Documents/Curso_Zephyr/taskworkspace/deps/zephyr/kernel/condvar.c is included (source file)...
(DEBUG)   No filter matched.
(DEBUG) --> File is excluded.
(DEBUG) Check if /home/federico/Documents/Curso_Zephyr/taskworkspace/deps/zephyr/kernel/include/wait_q.h is included (source file)...
(DEBUG)   No filter matched.
(DEBUG) --> File is excluded.
(DEBUG) Check if /home/federico/Documents/Curso_Zephyr/taskworkspace/deps/zephyr/kernel/include/ksched.h is included (source file)...
(DEBUG)   No filter matched.
(DEBUG) --> File is excluded.
(DEBUG) Check if /home/federico/Documents/Curso_Zephyr/taskworkspace/deps/zephyr/kernel/include/priority_q.h is included (source file)...
(DEBUG)   No filter matched.
(DEBUG) --> File is excluded.
(DEBUG) Check if /home/federico/Documents/Curso_Zephyr/taskworkspace/deps/zephyr/kernel/include/kthread.h is included (source file)...
(DEBUG)   No filter matched.
(DEBUG) --> File is excluded.
(DEBUG) Check if /home/federico/Documents/Curso_Zephyr/taskworkspace/deps/zephyr/kernel/include/timeout_q.h is included (source file)...
(DEBUG)   No filter matched.
(DEBUG) --> File is excluded.
(DEBUG) Check if /home/federico/Documents/Curso_Zephyr/taskworkspace/deps/zephyr/arch/posix/include/kernel_arch_func.h is included (source file)...
(DEBUG)   No filter matched.
(DEBUG) --> File is excluded.
(DEBUG) Check if /home/federico/Documents/Curso_Zephyr/taskworkspace/zephyr-course/twister-out/native_sim_native/host/homework.unit.ring_buf/zephyr/include/generated/zephyr/syscalls/kernel.h is included (source file)...
(DEBUG) --> File is excluded.
(DEBUG) Check if /home/federico/Documents/Curso_Zephyr/taskworkspace/deps/zephyr/include/zephyr/sys/internal/kobject_internal.h is included (source file)...
(DEBUG)   No filter matched.
(DEBUG) --> File is excluded.
(DEBUG) Check if /home/federico/Documents/Curso_Zephyr/taskworkspace/deps/zephyr/include/zephyr/spinlock.h is included (source file)...
(DEBUG) --> File is excluded.
(DEBUG) Check if /home/federico/Documents/Curso_Zephyr/taskworkspace/deps/zephyr/include/zephyr/arch/posix/arch.h is included (source file)...
(DEBUG) --> File is excluded.
(DEBUG) Check if /home/federico/Documents/Curso_Zephyr/taskworkspace/deps/zephyr/include/zephyr/sys/dlist.h is included (source file)...
(DEBUG)   No filter matched.
(DEBUG) --> File is excluded.
(DEBUG) Check if /home/federico/Documents/Curso_Zephyr/taskworkspace/zephyr-course/twister-out/native_sim_native/host/homework.unit.ring_buf/zephyr/kernel/CMakeFiles/kernel.dir/device.c.gcda is included (trace)...
(DEBUG)   No filter matched.
(DEBUG) --> File is excluded.
(DEBUG) Check if /home/federico/Documents/Curso_Zephyr/taskworkspace/zephyr-course/twister-out/native_sim_native/host/homework.unit.ring_buf/zephyr/kernel/CMakeFiles/kernel.dir/device.c.gcda is included (trace)...
(DEBUG) --> File is excluded.
(DEBUG) Check if device.c##4df554fe94bedda5685f3dcbf0f86027.gcov.json.gz is included (gcov file)...
(DEBUG)   Filter AlwaysMatchFilter() matched.
(DEBUG) --> File is included.
(DEBUG) Check if /home/federico/Documents/Curso_Zephyr/taskworkspace/zephyr-course/app/modules/ring_buf/device.c##4df554fe94bedda5685f3dcbf0f86027.gcov.json.gz is included (trace)...
(DEBUG)   No filter matched.
(DEBUG) --> File is excluded.
(DEBUG) Check if /home/federico/Documents/Curso_Zephyr/taskworkspace/deps/zephyr/kernel/device.c is included (source file)...
(DEBUG)   No filter matched.
(DEBUG) --> File is excluded.
(DEBUG) Check if /home/federico/Documents/Curso_Zephyr/taskworkspace/deps/zephyr/include/zephyr/sys/internal/kobject_internal.h is included (source file)...
(DEBUG) --> File is excluded.
(DEBUG) Check if /home/federico/Documents/Curso_Zephyr/taskworkspace/zephyr-course/twister-out/native_sim_native/host/homework.unit.ring_buf/zephyr/kernel/CMakeFiles/kernel.dir/dynamic_disabled.c.gcno is included (trace)...
(DEBUG)   No filter matched.
(DEBUG) --> File is excluded.
(DEBUG) Check if /home/federico/Documents/Curso_Zephyr/taskworkspace/zephyr-course/twister-out/native_sim_native/host/homework.unit.ring_buf/zephyr/kernel/CMakeFiles/kernel.dir/dynamic_disabled.c.gcno is included (trace)...
(DEBUG) --> File is excluded.
(DEBUG) Check if dynamic_disabled.c##a7375f69c0967c6a00fd458856886d22.gcov.json.gz is included (gcov file)...
(DEBUG)   Filter AlwaysMatchFilter() matched.
(DEBUG) --> File is included.
(DEBUG) Check if /home/federico/Documents/Curso_Zephyr/taskworkspace/zephyr-course/app/modules/ring_buf/dynamic_disabled.c##a7375f69c0967c6a00fd458856886d22.gcov.json.gz is included (trace)...
(DEBUG)   No filter matched.
(DEBUG) --> File is excluded.
(DEBUG) Check if /home/federico/Documents/Curso_Zephyr/taskworkspace/deps/zephyr/kernel/dynamic_disabled.c is included (source file)...
(DEBUG)   No filter matched.
(DEBUG) --> File is excluded.
(DEBUG) Check if /home/federico/Documents/Curso_Zephyr/taskworkspace/zephyr-course/twister-out/native_sim_native/host/homework.unit.ring_buf/zephyr/kernel/CMakeFiles/kernel.dir/errno.c.gcno is included (trace)...
(DEBUG)   No filter matched.
(DEBUG) --> File is excluded.
(DEBUG) Check if /home/federico/Documents/Curso_Zephyr/taskworkspace/zephyr-course/twister-out/native_sim_native/host/homework.unit.ring_buf/zephyr/kernel/CMakeFiles/kernel.dir/errno.c.gcno is included (trace)...
(DEBUG) --> File is excluded.
(DEBUG) Check if errno.c##cbb825111cb63ddd0d63998e363ff3c2.gcov.json.gz is included (gcov file)...
(DEBUG)   Filter AlwaysMatchFilter() matched.
(DEBUG) --> File is included.
(DEBUG) Check if /home/federico/Documents/Curso_Zephyr/taskworkspace/zephyr-course/app/modules/ring_buf/errno.c##cbb825111cb63ddd0d63998e363ff3c2.gcov.json.gz is included (trace)...
(DEBUG)   No filter matched.
(DEBUG) --> File is excluded.
(DEBUG) Check if /home/federico/Documents/Curso_Zephyr/taskworkspace/deps/zephyr/kernel/errno.c is included (source file)...
(DEBUG)   No filter matched.
(DEBUG) --> File is excluded.
(DEBUG) Check if /home/federico/Documents/Curso_Zephyr/taskworkspace/zephyr-course/twister-out/native_sim_native/host/homework.unit.ring_buf/zephyr/kernel/CMakeFiles/kernel.dir/fatal.c.gcda is included (trace)...
(DEBUG)   No filter matched.
(DEBUG) --> File is excluded.
(DEBUG) Check if /home/federico/Documents/Curso_Zephyr/taskworkspace/zephyr-course/twister-out/native_sim_native/host/homework.unit.ring_buf/zephyr/kernel/CMakeFiles/kernel.dir/fatal.c.gcda is included (trace)...
(DEBUG) --> File is excluded.
(DEBUG) Check if fatal.c##2f820ab4b41d9acedb21c8687f2001b9.gcov.json.gz is included (gcov file)...
(DEBUG)   Filter AlwaysMatchFilter() matched.
(DEBUG) --> File is included.
(DEBUG) Check if /home/federico/Documents/Curso_Zephyr/taskworkspace/zephyr-course/app/modules/ring_buf/fatal.c##2f820ab4b41d9acedb21c8687f2001b9.gcov.json.gz is included (trace)...
(DEBUG)   No filter matched.
(DEBUG) --> File is excluded.
(DEBUG) Check if /home/federico/Documents/Curso_Zephyr/taskworkspace/deps/zephyr/kernel/fatal.c is included (source file)...
(DEBUG)   No filter matched.
(DEBUG) --> File is excluded.
(DEBUG) Check if /home/federico/Documents/Curso_Zephyr/taskworkspace/deps/zephyr/include/zephyr/debug/coredump.h is included (source file)...
(DEBUG)   No filter matched.
(DEBUG) --> File is excluded.
(DEBUG) Check if /home/federico/Documents/Curso_Zephyr/taskworkspace/zephyr-course/twister-out/native_sim_native/host/homework.unit.ring_buf/zephyr/include/generated/zephyr/syscalls/log_ctrl.h is included (source file)...
(DEBUG) --> File is excluded.
(DEBUG) Check if /home/federico/Documents/Curso_Zephyr/taskworkspace/deps/zephyr/include/zephyr/logging/log_msg.h is included (source file)...
(DEBUG) --> File is excluded.
(DEBUG) Check if /home/federico/Documents/Curso_Zephyr/taskworkspace/zephyr-course/twister-out/native_sim_native/host/homework.unit.ring_buf/zephyr/include/generated/zephyr/syscalls/kernel.h is included (source file)...
(DEBUG) --> File is excluded.
(DEBUG) Check if /home/federico/Documents/Curso_Zephyr/taskworkspace/deps/zephyr/include/zephyr/arch/posix/arch.h is included (source file)...
(DEBUG) --> File is excluded.
(DEBUG) Check if /home/federico/Documents/Curso_Zephyr/taskworkspace/zephyr-course/twister-out/native_sim_native/host/homework.unit.ring_buf/zephyr/kernel/CMakeFiles/kernel.dir/float.c.gcno is included (trace)...
(DEBUG)   No filter matched.
(DEBUG) --> File is excluded.
(DEBUG) Check if /home/federico/Documents/Curso_Zephyr/taskworkspace/zephyr-course/twister-out/native_sim_native/host/homework.unit.ring_buf/zephyr/kernel/CMakeFiles/kernel.dir/float.c.gcno is included (trace)...
(DEBUG) --> File is excluded.
(DEBUG) Check if float.c##a2452cebc5632124f2b0dde4e4f0a206.gcov.json.gz is included (gcov file)...
(DEBUG)   Filter AlwaysMatchFilter() matched.
(DEBUG) --> File is included.
(DEBUG) Check if /home/federico/Documents/Curso_Zephyr/taskworkspace/zephyr-course/app/modules/ring_buf/float.c##a2452cebc5632124f2b0dde4e4f0a206.gcov.json.gz is included (trace)...
(DEBUG)   No filter matched.
(DEBUG) --> File is excluded.
(DEBUG) Check if /home/federico/Documents/Curso_Zephyr/taskworkspace/deps/zephyr/kernel/float.c is included (source file)...
(DEBUG)   No filter matched.
(DEBUG) --> File is excluded.
(DEBUG) Check if /home/federico/Documents/Curso_Zephyr/taskworkspace/zephyr-course/twister-out/native_sim_native/host/homework.unit.ring_buf/zephyr/kernel/CMakeFiles/kernel.dir/idle.c.gcda is included (trace)...
(DEBUG)   No filter matched.
(DEBUG) --> File is excluded.
(DEBUG) Check if /home/federico/Documents/Curso_Zephyr/taskworkspace/zephyr-course/twister-out/native_sim_native/host/homework.unit.ring_buf/zephyr/kernel/CMakeFiles/kernel.dir/idle.c.gcda is included (trace)...
(DEBUG) --> File is excluded.
(DEBUG) Check if idle.c##29179324917d6340d40428bdb6328673.gcov.json.gz is included (gcov file)...
(DEBUG)   Filter AlwaysMatchFilter() matched.
(DEBUG) --> File is included.
(DEBUG) Check if /home/federico/Documents/Curso_Zephyr/taskworkspace/zephyr-course/app/modules/ring_buf/idle.c##29179324917d6340d40428bdb6328673.gcov.json.gz is included (trace)...
(DEBUG)   No filter matched.
(DEBUG) --> File is excluded.
(DEBUG) Check if /home/federico/Documents/Curso_Zephyr/taskworkspace/deps/zephyr/kernel/idle.c is included (source file)...
(DEBUG)   No filter matched.
(DEBUG) --> File is excluded.
(DEBUG) Check if /home/federico/Documents/Curso_Zephyr/taskworkspace/deps/zephyr/include/zephyr/kernel.h is included (source file)...
(DEBUG) --> File is excluded.
(DEBUG) Check if /home/federico/Documents/Curso_Zephyr/taskworkspace/deps/zephyr/include/zephyr/arch/posix/arch.h is included (source file)...
(DEBUG) --> File is excluded.
(DEBUG) Check if /home/federico/Documents/Curso_Zephyr/taskworkspace/zephyr-course/twister-out/native_sim_native/host/homework.unit.ring_buf/zephyr/kernel/CMakeFiles/kernel.dir/init.c.gcda is included (trace)...
(DEBUG)   No filter matched.
(DEBUG) --> File is excluded.
(DEBUG) Check if /home/federico/Documents/Curso_Zephyr/taskworkspace/zephyr-course/twister-out/native_sim_native/host/homework.unit.ring_buf/zephyr/kernel/CMakeFiles/kernel.dir/init.c.gcda is included (trace)...
(DEBUG) --> File is excluded.
(DEBUG) Check if init.c##dd78f96e89da4b28e21d4928ac98b7f0.gcov.json.gz is included (gcov file)...
(DEBUG)   Filter AlwaysMatchFilter() matched.
(DEBUG) --> File is included.
(DEBUG) Check if /home/federico/Documents/Curso_Zephyr/taskworkspace/zephyr-course/app/modules/ring_buf/init.c##dd78f96e89da4b28e21d4928ac98b7f0.gcov.json.gz is included (trace)...
(DEBUG)   No filter matched.
(DEBUG) --> File is excluded.
(DEBUG) Check if /home/federico/Documents/Curso_Zephyr/taskworkspace/deps/zephyr/kernel/init.c is included (source file)...
(DEBUG)   No filter matched.
(DEBUG) --> File is excluded.
(DEBUG) Check if /home/federico/Documents/Curso_Zephyr/taskworkspace/deps/zephyr/include/zephyr/pm/device_runtime.h is included (source file)...
(DEBUG)   No filter matched.
(DEBUG) --> File is excluded.
(DEBUG) Check if /home/federico/Documents/Curso_Zephyr/taskworkspace/deps/zephyr/include/zephyr/debug/gcov.h is included (source file)...
(DEBUG)   No filter matched.
(DEBUG) --> File is excluded.
(DEBUG) Check if /home/federico/Documents/Curso_Zephyr/taskworkspace/deps/zephyr/kernel/include/kthread.h is included (source file)...
(DEBUG) --> File is excluded.
(DEBUG) Check if /home/federico/Documents/Curso_Zephyr/taskworkspace/deps/zephyr/kernel/include/timeout_q.h is included (source file)...
(DEBUG) --> File is excluded.
(DEBUG) Check if /home/federico/Documents/Curso_Zephyr/taskworkspace/deps/zephyr/arch/posix/include/kernel_arch_func.h is included (source file)...
(DEBUG) --> File is excluded.
(DEBUG) Check if /home/federico/Documents/Curso_Zephyr/taskworkspace/zephyr-course/twister-out/native_sim_native/host/homework.unit.ring_buf/zephyr/include/generated/zephyr/syscalls/kernel.h is included (source file)...
(DEBUG) --> File is excluded.
(DEBUG) Check if /home/federico/Documents/Curso_Zephyr/taskworkspace/deps/zephyr/include/zephyr/kernel.h is included (source file)...
(DEBUG) --> File is excluded.
(DEBUG) Check if /home/federico/Documents/Curso_Zephyr/taskworkspace/deps/zephyr/include/zephyr/kernel/thread_stack.h is included (source file)...
(DEBUG)   No filter matched.
(DEBUG) --> File is excluded.
(DEBUG) Check if /home/federico/Documents/Curso_Zephyr/taskworkspace/deps/zephyr/include/zephyr/arch/posix/arch.h is included (source file)...
(DEBUG) --> File is excluded.
(DEBUG) Check if /home/federico/Documents/Curso_Zephyr/taskworkspace/zephyr-course/twister-out/native_sim_native/host/homework.unit.ring_buf/zephyr/kernel/CMakeFiles/kernel.dir/kheap.c.gcno is included (trace)...
(DEBUG)   No filter matched.
(DEBUG) --> File is excluded.
(DEBUG) Check if /home/federico/Documents/Curso_Zephyr/taskworkspace/zephyr-course/twister-out/native_sim_native/host/homework.unit.ring_buf/zephyr/kernel/CMakeFiles/kernel.dir/kheap.c.gcno is included (trace)...
(DEBUG) --> File is excluded.
(DEBUG) Check if kheap.c##809d2da103f328ac29f69bd2524fca7d.gcov.json.gz is included (gcov file)...
(DEBUG)   Filter AlwaysMatchFilter() matched.
(DEBUG) --> File is included.
(DEBUG) Check if /home/federico/Documents/Curso_Zephyr/taskworkspace/zephyr-course/app/modules/ring_buf/kheap.c##809d2da103f328ac29f69bd2524fca7d.gcov.json.gz is included (trace)...
(DEBUG)   No filter matched.
(DEBUG) --> File is excluded.
(DEBUG) Check if /home/federico/Documents/Curso_Zephyr/taskworkspace/deps/zephyr/kernel/kheap.c is included (source file)...
(DEBUG)   No filter matched.
(DEBUG) --> File is excluded.
(DEBUG) Check if /home/federico/Documents/Curso_Zephyr/taskworkspace/deps/zephyr/kernel/include/wait_q.h is included (source file)...
(DEBUG) --> File is excluded.
(DEBUG) Check if /home/federico/Documents/Curso_Zephyr/taskworkspace/deps/zephyr/include/zephyr/sys/math_extras_impl.h is included (source file)...
(DEBUG)   No filter matched.
(DEBUG) --> File is excluded.
(DEBUG) Check if /home/federico/Documents/Curso_Zephyr/taskworkspace/deps/zephyr/arch/posix/include/kernel_arch_func.h is included (source file)...
(DEBUG) --> File is excluded.
(DEBUG) Check if /home/federico/Documents/Curso_Zephyr/taskworkspace/deps/zephyr/include/zephyr/spinlock.h is included (source file)...
(DEBUG) --> File is excluded.
(DEBUG) Check if /home/federico/Documents/Curso_Zephyr/taskworkspace/deps/zephyr/include/zephyr/arch/posix/arch.h is included (source file)...
(DEBUG) --> File is excluded.
(DEBUG) Check if /home/federico/Documents/Curso_Zephyr/taskworkspace/deps/zephyr/include/zephyr/sys/dlist.h is included (source file)...
(DEBUG) --> File is excluded.
(DEBUG) Check if /home/federico/Documents/Curso_Zephyr/taskworkspace/zephyr-course/twister-out/native_sim_native/host/homework.unit.ring_buf/zephyr/kernel/CMakeFiles/kernel.dir/mailbox.c.gcno is included (trace)...
(DEBUG)   No filter matched.
(DEBUG) --> File is excluded.
(DEBUG) Check if /home/federico/Documents/Curso_Zephyr/taskworkspace/zephyr-course/twister-out/native_sim_native/host/homework.unit.ring_buf/zephyr/kernel/CMakeFiles/kernel.dir/mailbox.c.gcno is included (trace)...
(DEBUG) --> File is excluded.
(DEBUG) Check if mailbox.c##f54822ce576e45f2d4e1c000b0ff4fe5.gcov.json.gz is included (gcov file)...
(DEBUG)   Filter AlwaysMatchFilter() matched.
(DEBUG) --> File is included.
(DEBUG) Check if /home/federico/Documents/Curso_Zephyr/taskworkspace/zephyr-course/app/modules/ring_buf/mailbox.c##f54822ce576e45f2d4e1c000b0ff4fe5.gcov.json.gz is included (trace)...
(DEBUG)   No filter matched.
(DEBUG) --> File is excluded.
(DEBUG) Check if /home/federico/Documents/Curso_Zephyr/taskworkspace/deps/zephyr/kernel/mailbox.c is included (source file)...
(DEBUG)   No filter matched.
(DEBUG) --> File is excluded.
(DEBUG) Check if /home/federico/Documents/Curso_Zephyr/taskworkspace/deps/zephyr/kernel/include/wait_q.h is included (source file)...
(DEBUG) --> File is excluded.
(DEBUG) Check if /home/federico/Documents/Curso_Zephyr/taskworkspace/deps/zephyr/kernel/include/ksched.h is included (source file)...
(DEBUG) --> File is excluded.
(DEBUG) Check if /home/federico/Documents/Curso_Zephyr/taskworkspace/deps/zephyr/kernel/include/kthread.h is included (source file)...
(DEBUG) --> File is excluded.
(DEBUG) Check if /home/federico/Documents/Curso_Zephyr/taskworkspace/deps/zephyr/arch/posix/include/kernel_arch_func.h is included (source file)...
(DEBUG) --> File is excluded.
(DEBUG) Check if /home/federico/Documents/Curso_Zephyr/taskworkspace/zephyr-course/twister-out/native_sim_native/host/homework.unit.ring_buf/zephyr/include/generated/zephyr/syscalls/kernel.h is included (source file)...
(DEBUG) --> File is excluded.
(DEBUG) Check if /home/federico/Documents/Curso_Zephyr/taskworkspace/deps/zephyr/include/zephyr/spinlock.h is included (source file)...
(DEBUG) --> File is excluded.
(DEBUG) Check if /home/federico/Documents/Curso_Zephyr/taskworkspace/deps/zephyr/include/zephyr/arch/posix/arch.h is included (source file)...
(DEBUG) --> File is excluded.
(DEBUG) Check if /home/federico/Documents/Curso_Zephyr/taskworkspace/deps/zephyr/include/zephyr/sys/dlist.h is included (source file)...
(DEBUG) --> File is excluded.
(DEBUG) Check if /home/federico/Documents/Curso_Zephyr/taskworkspace/zephyr-course/twister-out/native_sim_native/host/homework.unit.ring_buf/zephyr/kernel/CMakeFiles/kernel.dir/main_weak.c.gcno is included (trace)...
(DEBUG)   No filter matched.
(DEBUG) --> File is excluded.
(DEBUG) Check if /home/federico/Documents/Curso_Zephyr/taskworkspace/zephyr-course/twister-out/native_sim_native/host/homework.unit.ring_buf/zephyr/kernel/CMakeFiles/kernel.dir/main_weak.c.gcno is included (trace)...
(DEBUG) --> File is excluded.
(DEBUG) Check if main_weak.c##e574405ad5c20a9046062d1dd4cfbc2e.gcov.json.gz is included (gcov file)...
(DEBUG)   Filter AlwaysMatchFilter() matched.
(DEBUG) --> File is included.
(DEBUG) Check if /home/federico/Documents/Curso_Zephyr/taskworkspace/zephyr-course/app/modules/ring_buf/main_weak.c##e574405ad5c20a9046062d1dd4cfbc2e.gcov.json.gz is included (trace)...
(DEBUG)   No filter matched.
(DEBUG) --> File is excluded.
(DEBUG) Check if /home/federico/Documents/Curso_Zephyr/taskworkspace/deps/zephyr/kernel/main_weak.c is included (source file)...
(DEBUG)   No filter matched.
(DEBUG) --> File is excluded.
(DEBUG) Check if /home/federico/Documents/Curso_Zephyr/taskworkspace/deps/zephyr/include/zephyr/arch/posix/arch.h is included (source file)...
(DEBUG) --> File is excluded.
(DEBUG) Check if /home/federico/Documents/Curso_Zephyr/taskworkspace/zephyr-course/twister-out/native_sim_native/host/homework.unit.ring_buf/zephyr/kernel/CMakeFiles/kernel.dir/mem_slab.c.gcno is included (trace)...
(DEBUG)   No filter matched.
(DEBUG) --> File is excluded.
(DEBUG) Check if /home/federico/Documents/Curso_Zephyr/taskworkspace/zephyr-course/twister-out/native_sim_native/host/homework.unit.ring_buf/zephyr/kernel/CMakeFiles/kernel.dir/mem_slab.c.gcno is included (trace)...
(DEBUG) --> File is excluded.
(DEBUG) Check if mem_slab.c##1ba16c646d2761b3e31135c4f78f9d5c.gcov.json.gz is included (gcov file)...
(DEBUG)   Filter AlwaysMatchFilter() matched.
(DEBUG) --> File is included.
(DEBUG) Check if /home/federico/Documents/Curso_Zephyr/taskworkspace/zephyr-course/app/modules/ring_buf/mem_slab.c##1ba16c646d2761b3e31135c4f78f9d5c.gcov.json.gz is included (trace)...
(DEBUG)   No filter matched.
(DEBUG) --> File is excluded.
(DEBUG) Check if /home/federico/Documents/Curso_Zephyr/taskworkspace/deps/zephyr/kernel/mem_slab.c is included (source file)...
(DEBUG)   No filter matched.
(DEBUG) --> File is excluded.
(DEBUG) Check if /home/federico/Documents/Curso_Zephyr/taskworkspace/deps/zephyr/kernel/include/wait_q.h is included (source file)...
(DEBUG) --> File is excluded.
(DEBUG) Check if /home/federico/Documents/Curso_Zephyr/taskworkspace/deps/zephyr/kernel/include/ksched.h is included (source file)...
(DEBUG) --> File is excluded.
(DEBUG) Check if /home/federico/Documents/Curso_Zephyr/taskworkspace/deps/zephyr/kernel/include/priority_q.h is included (source file)...
(DEBUG) --> File is excluded.
(DEBUG) Check if /home/federico/Documents/Curso_Zephyr/taskworkspace/deps/zephyr/kernel/include/kthread.h is included (source file)...
(DEBUG) --> File is excluded.
(DEBUG) Check if /home/federico/Documents/Curso_Zephyr/taskworkspace/deps/zephyr/kernel/include/timeout_q.h is included (source file)...
(DEBUG) --> File is excluded.
(DEBUG) Check if /home/federico/Documents/Curso_Zephyr/taskworkspace/deps/zephyr/kernel/include/kernel_internal.h is included (source file)...
(DEBUG)   No filter matched.
(DEBUG) --> File is excluded.
(DEBUG) Check if /home/federico/Documents/Curso_Zephyr/taskworkspace/deps/zephyr/arch/posix/include/kernel_arch_func.h is included (source file)...
(DEBUG) --> File is excluded.
(DEBUG) Check if /home/federico/Documents/Curso_Zephyr/taskworkspace/deps/zephyr/include/zephyr/sys/internal/kobject_internal.h is included (source file)...
(DEBUG) --> File is excluded.
(DEBUG) Check if /home/federico/Documents/Curso_Zephyr/taskworkspace/deps/zephyr/include/zephyr/spinlock.h is included (source file)...
(DEBUG) --> File is excluded.
(DEBUG) Check if /home/federico/Documents/Curso_Zephyr/taskworkspace/deps/zephyr/include/zephyr/arch/posix/arch.h is included (source file)...
(DEBUG) --> File is excluded.
(DEBUG) Check if /home/federico/Documents/Curso_Zephyr/taskworkspace/deps/zephyr/include/zephyr/sys/dlist.h is included (source file)...
(DEBUG) --> File is excluded.
(DEBUG) Check if /home/federico/Documents/Curso_Zephyr/taskworkspace/zephyr-course/twister-out/native_sim_native/host/homework.unit.ring_buf/zephyr/kernel/CMakeFiles/kernel.dir/mempool.c.gcno is included (trace)...
(DEBUG)   No filter matched.
(DEBUG) --> File is excluded.
(DEBUG) Check if /home/federico/Documents/Curso_Zephyr/taskworkspace/zephyr-course/twister-out/native_sim_native/host/homework.unit.ring_buf/zephyr/kernel/CMakeFiles/kernel.dir/mempool.c.gcno is included (trace)...
(DEBUG) --> File is excluded.
(DEBUG) Check if mempool.c##2d5c818a5f0e81c17df02baf025bcd4c.gcov.json.gz is included (gcov file)...
(DEBUG)   Filter AlwaysMatchFilter() matched.
(DEBUG) --> File is included.
(DEBUG) Check if /home/federico/Documents/Curso_Zephyr/taskworkspace/zephyr-course/app/modules/ring_buf/mempool.c##2d5c818a5f0e81c17df02baf025bcd4c.gcov.json.gz is included (trace)...
(DEBUG)   No filter matched.
(DEBUG) --> File is excluded.
(DEBUG) Check if /home/federico/Documents/Curso_Zephyr/taskworkspace/deps/zephyr/kernel/mempool.c is included (source file)...
(DEBUG)   No filter matched.
(DEBUG) --> File is excluded.
(DEBUG) Check if /home/federico/Documents/Curso_Zephyr/taskworkspace/deps/zephyr/include/zephyr/sys/math_extras_impl.h is included (source file)...
(DEBUG) --> File is excluded.
(DEBUG) Check if /home/federico/Documents/Curso_Zephyr/taskworkspace/deps/zephyr/include/zephyr/spinlock.h is included (source file)...
(DEBUG) --> File is excluded.
(DEBUG) Check if /home/federico/Documents/Curso_Zephyr/taskworkspace/deps/zephyr/include/zephyr/arch/posix/arch.h is included (source file)...
(DEBUG) --> File is excluded.
(DEBUG) Check if /home/federico/Documents/Curso_Zephyr/taskworkspace/zephyr-course/twister-out/native_sim_native/host/homework.unit.ring_buf/zephyr/kernel/CMakeFiles/kernel.dir/msg_q.c.gcno is included (trace)...
(DEBUG)   No filter matched.
(DEBUG) --> File is excluded.
(DEBUG) Check if /home/federico/Documents/Curso_Zephyr/taskworkspace/zephyr-course/twister-out/native_sim_native/host/homework.unit.ring_buf/zephyr/kernel/CMakeFiles/kernel.dir/msg_q.c.gcno is included (trace)...
(DEBUG) --> File is excluded.
(DEBUG) Check if msg_q.c##650c439cb0ffed3edf24b200239fe72f.gcov.json.gz is included (gcov file)...
(DEBUG)   Filter AlwaysMatchFilter() matched.
(DEBUG) --> File is included.
(DEBUG) Check if /home/federico/Documents/Curso_Zephyr/taskworkspace/zephyr-course/app/modules/ring_buf/msg_q.c##650c439cb0ffed3edf24b200239fe72f.gcov.json.gz is included (trace)...
(DEBUG)   No filter matched.
(DEBUG) --> File is excluded.
(DEBUG) Check if /home/federico/Documents/Curso_Zephyr/taskworkspace/deps/zephyr/kernel/msg_q.c is included (source file)...
(DEBUG)   No filter matched.
(DEBUG) --> File is excluded.
(DEBUG) Check if /home/federico/Documents/Curso_Zephyr/taskworkspace/deps/zephyr/kernel/include/wait_q.h is included (source file)...
(DEBUG) --> File is excluded.
(DEBUG) Check if /home/federico/Documents/Curso_Zephyr/taskworkspace/deps/zephyr/kernel/include/ksched.h is included (source file)...
(DEBUG) --> File is excluded.
(DEBUG) Check if /home/federico/Documents/Curso_Zephyr/taskworkspace/deps/zephyr/kernel/include/priority_q.h is included (source file)...
(DEBUG) --> File is excluded.
(DEBUG) Check if /home/federico/Documents/Curso_Zephyr/taskworkspace/deps/zephyr/include/zephyr/sys/math_extras_impl.h is included (source file)...
(DEBUG) --> File is excluded.
(DEBUG) Check if /home/federico/Documents/Curso_Zephyr/taskworkspace/deps/zephyr/kernel/include/kthread.h is included (source file)...
(DEBUG) --> File is excluded.
(DEBUG) Check if /home/federico/Documents/Curso_Zephyr/taskworkspace/deps/zephyr/kernel/include/timeout_q.h is included (source file)...
(DEBUG) --> File is excluded.
(DEBUG) Check if /home/federico/Documents/Curso_Zephyr/taskworkspace/deps/zephyr/arch/posix/include/kernel_arch_func.h is included (source file)...
(DEBUG) --> File is excluded.
(DEBUG) Check if /home/federico/Documents/Curso_Zephyr/taskworkspace/deps/zephyr/include/zephyr/sys/internal/kobject_internal.h is included (source file)...
(DEBUG) --> File is excluded.
(DEBUG) Check if /home/federico/Documents/Curso_Zephyr/taskworkspace/deps/zephyr/include/zephyr/spinlock.h is included (source file)...
(DEBUG) --> File is excluded.
(DEBUG) Check if /home/federico/Documents/Curso_Zephyr/taskworkspace/deps/zephyr/include/zephyr/arch/posix/arch.h is included (source file)...
(DEBUG) --> File is excluded.
(DEBUG) Check if /home/federico/Documents/Curso_Zephyr/taskworkspace/deps/zephyr/include/zephyr/sys/dlist.h is included (source file)...
(DEBUG) --> File is excluded.
(DEBUG) Check if /home/federico/Documents/Curso_Zephyr/taskworkspace/zephyr-course/twister-out/native_sim_native/host/homework.unit.ring_buf/zephyr/kernel/CMakeFiles/kernel.dir/mutex.c.gcno is included (trace)...
(DEBUG)   No filter matched.
(DEBUG) --> File is excluded.
(DEBUG) Check if /home/federico/Documents/Curso_Zephyr/taskworkspace/zephyr-course/twister-out/native_sim_native/host/homework.unit.ring_buf/zephyr/kernel/CMakeFiles/kernel.dir/mutex.c.gcno is included (trace)...
(DEBUG) --> File is excluded.
(DEBUG) Check if mutex.c##9a1770a76540eeb0f24d583baff5deed.gcov.json.gz is included (gcov file)...
(DEBUG)   Filter AlwaysMatchFilter() matched.
(DEBUG) --> File is included.
(DEBUG) Check if /home/federico/Documents/Curso_Zephyr/taskworkspace/zephyr-course/app/modules/ring_buf/mutex.c##9a1770a76540eeb0f24d583baff5deed.gcov.json.gz is included (trace)...
(DEBUG)   No filter matched.
(DEBUG) --> File is excluded.
(DEBUG) Check if /home/federico/Documents/Curso_Zephyr/taskworkspace/deps/zephyr/kernel/mutex.c is included (source file)...
(DEBUG)   No filter matched.
(DEBUG) --> File is excluded.
(DEBUG) Check if /home/federico/Documents/Curso_Zephyr/taskworkspace/deps/zephyr/include/zephyr/logging/log_msg.h is included (source file)...
(DEBUG) --> File is excluded.
(DEBUG) Check if /home/federico/Documents/Curso_Zephyr/taskworkspace/deps/zephyr/kernel/include/wait_q.h is included (source file)...
(DEBUG) --> File is excluded.
(DEBUG) Check if /home/federico/Documents/Curso_Zephyr/taskworkspace/deps/zephyr/kernel/include/ksched.h is included (source file)...
(DEBUG) --> File is excluded.
(DEBUG) Check if /home/federico/Documents/Curso_Zephyr/taskworkspace/deps/zephyr/kernel/include/priority_q.h is included (source file)...
(DEBUG) --> File is excluded.
(DEBUG) Check if /home/federico/Documents/Curso_Zephyr/taskworkspace/deps/zephyr/kernel/include/kthread.h is included (source file)...
(DEBUG) --> File is excluded.
(DEBUG) Check if /home/federico/Documents/Curso_Zephyr/taskworkspace/deps/zephyr/kernel/include/timeout_q.h is included (source file)...
(DEBUG) --> File is excluded.
(DEBUG) Check if /home/federico/Documents/Curso_Zephyr/taskworkspace/deps/zephyr/arch/posix/include/kernel_arch_func.h is included (source file)...
(DEBUG) --> File is excluded.
(DEBUG) Check if /home/federico/Documents/Curso_Zephyr/taskworkspace/deps/zephyr/include/zephyr/sys/internal/kobject_internal.h is included (source file)...
(DEBUG) --> File is excluded.
(DEBUG) Check if /home/federico/Documents/Curso_Zephyr/taskworkspace/deps/zephyr/include/zephyr/spinlock.h is included (source file)...
(DEBUG) --> File is excluded.
(DEBUG) Check if /home/federico/Documents/Curso_Zephyr/taskworkspace/deps/zephyr/include/zephyr/arch/posix/arch.h is included (source file)...
(DEBUG) --> File is excluded.
(DEBUG) Check if /home/federico/Documents/Curso_Zephyr/taskworkspace/deps/zephyr/include/zephyr/sys/dlist.h is included (source file)...
(DEBUG) --> File is excluded.
(DEBUG) Check if /home/federico/Documents/Curso_Zephyr/taskworkspace/zephyr-course/twister-out/native_sim_native/host/homework.unit.ring_buf/zephyr/kernel/CMakeFiles/kernel.dir/pipe.c.gcno is included (trace)...
(DEBUG)   No filter matched.
(DEBUG) --> File is excluded.
(DEBUG) Check if /home/federico/Documents/Curso_Zephyr/taskworkspace/zephyr-course/twister-out/native_sim_native/host/homework.unit.ring_buf/zephyr/kernel/CMakeFiles/kernel.dir/pipe.c.gcno is included (trace)...
(DEBUG) --> File is excluded.
(DEBUG) Check if pipe.c##f784bd4fad42342781dd6d13eddd9909.gcov.json.gz is included (gcov file)...
(DEBUG)   Filter AlwaysMatchFilter() matched.
(DEBUG) --> File is included.
(DEBUG) Check if /home/federico/Documents/Curso_Zephyr/taskworkspace/zephyr-course/app/modules/ring_buf/pipe.c##f784bd4fad42342781dd6d13eddd9909.gcov.json.gz is included (trace)...
(DEBUG)   No filter matched.
(DEBUG) --> File is excluded.
(DEBUG) Check if /home/federico/Documents/Curso_Zephyr/taskworkspace/deps/zephyr/kernel/pipe.c is included (source file)...
(DEBUG)   No filter matched.
(DEBUG) --> File is excluded.
(DEBUG) Check if /home/federico/Documents/Curso_Zephyr/taskworkspace/deps/zephyr/kernel/include/wait_q.h is included (source file)...
(DEBUG) --> File is excluded.
(DEBUG) Check if /home/federico/Documents/Curso_Zephyr/taskworkspace/deps/zephyr/kernel/include/ksched.h is included (source file)...
(DEBUG) --> File is excluded.
(DEBUG) Check if /home/federico/Documents/Curso_Zephyr/taskworkspace/deps/zephyr/kernel/include/priority_q.h is included (source file)...
(DEBUG) --> File is excluded.
(DEBUG) Check if /home/federico/Documents/Curso_Zephyr/taskworkspace/deps/zephyr/kernel/include/kthread.h is included (source file)...
(DEBUG) --> File is excluded.
(DEBUG) Check if /home/federico/Documents/Curso_Zephyr/taskworkspace/deps/zephyr/kernel/include/timeout_q.h is included (source file)...
(DEBUG) --> File is excluded.
(DEBUG) Check if /home/federico/Documents/Curso_Zephyr/taskworkspace/deps/zephyr/kernel/include/kernel_internal.h is included (source file)...
(DEBUG) --> File is excluded.
(DEBUG) Check if /home/federico/Documents/Curso_Zephyr/taskworkspace/deps/zephyr/arch/posix/include/kernel_arch_func.h is included (source file)...
(DEBUG) --> File is excluded.
(DEBUG) Check if /home/federico/Documents/Curso_Zephyr/taskworkspace/deps/zephyr/include/zephyr/sys/ring_buffer.h is included (source file)...
(DEBUG) --> File is excluded.
(DEBUG) Check if /home/federico/Documents/Curso_Zephyr/taskworkspace/deps/zephyr/include/zephyr/sys/internal/kobject_internal.h is included (source file)...
(DEBUG) --> File is excluded.
(DEBUG) Check if /home/federico/Documents/Curso_Zephyr/taskworkspace/deps/zephyr/include/zephyr/spinlock.h is included (source file)...
(DEBUG) --> File is excluded.
(DEBUG) Check if /home/federico/Documents/Curso_Zephyr/taskworkspace/deps/zephyr/include/zephyr/arch/posix/arch.h is included (source file)...
(DEBUG) --> File is excluded.
(DEBUG) Check if /home/federico/Documents/Curso_Zephyr/taskworkspace/deps/zephyr/include/zephyr/sys/dlist.h is included (source file)...
(DEBUG) --> File is excluded.
(DEBUG) Check if /home/federico/Documents/Curso_Zephyr/taskworkspace/zephyr-course/twister-out/native_sim_native/host/homework.unit.ring_buf/zephyr/kernel/CMakeFiles/kernel.dir/queue.c.gcno is included (trace)...
(DEBUG)   No filter matched.
(DEBUG) --> File is excluded.
(DEBUG) Check if /home/federico/Documents/Curso_Zephyr/taskworkspace/zephyr-course/twister-out/native_sim_native/host/homework.unit.ring_buf/zephyr/kernel/CMakeFiles/kernel.dir/queue.c.gcno is included (trace)...
(DEBUG) --> File is excluded.
(DEBUG) Check if queue.c##6c44d76bc31ad1043880c93c03302d42.gcov.json.gz is included (gcov file)...
(DEBUG)   Filter AlwaysMatchFilter() matched.
(DEBUG) --> File is included.
(DEBUG) Check if /home/federico/Documents/Curso_Zephyr/taskworkspace/zephyr-course/app/modules/ring_buf/queue.c##6c44d76bc31ad1043880c93c03302d42.gcov.json.gz is included (trace)...
(DEBUG)   No filter matched.
(DEBUG) --> File is excluded.
(DEBUG) Check if /home/federico/Documents/Curso_Zephyr/taskworkspace/deps/zephyr/kernel/queue.c is included (source file)...
(DEBUG)   No filter matched.
(DEBUG) --> File is excluded.
(DEBUG) Check if /home/federico/Documents/Curso_Zephyr/taskworkspace/deps/zephyr/kernel/include/ksched.h is included (source file)...
(DEBUG) --> File is excluded.
(DEBUG) Check if /home/federico/Documents/Curso_Zephyr/taskworkspace/deps/zephyr/kernel/include/kthread.h is included (source file)...
(DEBUG) --> File is excluded.
(DEBUG) Check if /home/federico/Documents/Curso_Zephyr/taskworkspace/deps/zephyr/kernel/include/kernel_internal.h is included (source file)...
(DEBUG) --> File is excluded.
(DEBUG) Check if /home/federico/Documents/Curso_Zephyr/taskworkspace/deps/zephyr/arch/posix/include/kernel_arch_func.h is included (source file)...
(DEBUG) --> File is excluded.
(DEBUG) Check if /home/federico/Documents/Curso_Zephyr/taskworkspace/deps/zephyr/kernel/include/wait_q.h is included (source file)...
(DEBUG) --> File is excluded.
(DEBUG) Check if /home/federico/Documents/Curso_Zephyr/taskworkspace/deps/zephyr/kernel/include/priority_q.h is included (source file)...
(DEBUG) --> File is excluded.
(DEBUG) Check if /home/federico/Documents/Curso_Zephyr/taskworkspace/deps/zephyr/kernel/include/timeout_q.h is included (source file)...
(DEBUG) --> File is excluded.
(DEBUG) Check if /home/federico/Documents/Curso_Zephyr/taskworkspace/deps/zephyr/include/zephyr/sys/internal/kobject_internal.h is included (source file)...
(DEBUG) --> File is excluded.
(DEBUG) Check if /home/federico/Documents/Curso_Zephyr/taskworkspace/deps/zephyr/include/zephyr/spinlock.h is included (source file)...
(DEBUG) --> File is excluded.
(DEBUG) Check if /home/federico/Documents/Curso_Zephyr/taskworkspace/deps/zephyr/include/zephyr/arch/posix/arch.h is included (source file)...
(DEBUG) --> File is excluded.
(DEBUG) Check if /home/federico/Documents/Curso_Zephyr/taskworkspace/deps/zephyr/include/zephyr/sys/sflist.h is included (source file)...
(DEBUG)   No filter matched.
(DEBUG) --> File is excluded.
(DEBUG) Check if /home/federico/Documents/Curso_Zephyr/taskworkspace/deps/zephyr/include/zephyr/sys/slist.h is included (source file)...
(DEBUG) --> File is excluded.
(DEBUG) Check if /home/federico/Documents/Curso_Zephyr/taskworkspace/deps/zephyr/include/zephyr/sys/dlist.h is included (source file)...
(DEBUG) --> File is excluded.
(DEBUG) Check if /home/federico/Documents/Curso_Zephyr/taskworkspace/zephyr-course/twister-out/native_sim_native/host/homework.unit.ring_buf/zephyr/kernel/CMakeFiles/kernel.dir/sched.c.gcda is included (trace)...
(DEBUG)   No filter matched.
(DEBUG) --> File is excluded.
(DEBUG) Check if /home/federico/Documents/Curso_Zephyr/taskworkspace/zephyr-course/twister-out/native_sim_native/host/homework.unit.ring_buf/zephyr/kernel/CMakeFiles/kernel.dir/sched.c.gcda is included (trace)...
(DEBUG) --> File is excluded.
(DEBUG) Check if sched.c##25df51adde35cc92b514136a27c12428.gcov.json.gz is included (gcov file)...
(DEBUG)   Filter AlwaysMatchFilter() matched.
(DEBUG) --> File is included.
(DEBUG) Check if /home/federico/Documents/Curso_Zephyr/taskworkspace/zephyr-course/app/modules/ring_buf/sched.c##25df51adde35cc92b514136a27c12428.gcov.json.gz is included (trace)...
(DEBUG)   No filter matched.
(DEBUG) --> File is excluded.
(DEBUG) Check if /home/federico/Documents/Curso_Zephyr/taskworkspace/deps/zephyr/kernel/sched.c is included (source file)...
(DEBUG)   No filter matched.
(DEBUG) --> File is excluded.
(DEBUG) Check if /home/federico/Documents/Curso_Zephyr/taskworkspace/deps/zephyr/include/zephyr/logging/log_msg.h is included (source file)...
(DEBUG) --> File is excluded.
(DEBUG) Check if /home/federico/Documents/Curso_Zephyr/taskworkspace/deps/zephyr/kernel/include/kswap.h is included (source file)...
(DEBUG) --> File is excluded.
(DEBUG) Check if /home/federico/Documents/Curso_Zephyr/taskworkspace/deps/zephyr/kernel/include/wait_q.h is included (source file)...
(DEBUG) --> File is excluded.
(DEBUG) Check if /home/federico/Documents/Curso_Zephyr/taskworkspace/deps/zephyr/kernel/include/ksched.h is included (source file)...
(DEBUG) --> File is excluded.
(DEBUG) Check if /home/federico/Documents/Curso_Zephyr/taskworkspace/deps/zephyr/kernel/include/priority_q.h is included (source file)...
(DEBUG) --> File is excluded.
(DEBUG) Check if /home/federico/Documents/Curso_Zephyr/taskworkspace/deps/zephyr/kernel/include/kthread.h is included (source file)...
(DEBUG) --> File is excluded.
(DEBUG) Check if /home/federico/Documents/Curso_Zephyr/taskworkspace/deps/zephyr/kernel/include/timeout_q.h is included (source file)...
(DEBUG) --> File is excluded.
(DEBUG) Check if /home/federico/Documents/Curso_Zephyr/taskworkspace/deps/zephyr/kernel/include/kernel_internal.h is included (source file)...
(DEBUG) --> File is excluded.
(DEBUG) Check if /home/federico/Documents/Curso_Zephyr/taskworkspace/deps/zephyr/arch/posix/include/kernel_arch_func.h is included (source file)...
(DEBUG) --> File is excluded.
(DEBUG) Check if /home/federico/Documents/Curso_Zephyr/taskworkspace/zephyr-course/twister-out/native_sim_native/host/homework.unit.ring_buf/zephyr/include/generated/zephyr/syscalls/kernel.h is included (source file)...
(DEBUG) --> File is excluded.
(DEBUG) Check if /home/federico/Documents/Curso_Zephyr/taskworkspace/deps/zephyr/include/zephyr/kernel.h is included (source file)...
(DEBUG) --> File is excluded.
(DEBUG) Check if /home/federico/Documents/Curso_Zephyr/taskworkspace/deps/zephyr/include/zephyr/spinlock.h is included (source file)...
(DEBUG) --> File is excluded.
(DEBUG) Check if /home/federico/Documents/Curso_Zephyr/taskworkspace/deps/zephyr/include/zephyr/arch/posix/arch.h is included (source file)...
(DEBUG) --> File is excluded.
(DEBUG) Check if /home/federico/Documents/Curso_Zephyr/taskworkspace/deps/zephyr/include/zephyr/sys/dlist.h is included (source file)...
(DEBUG) --> File is excluded.
(DEBUG) Check if /home/federico/Documents/Curso_Zephyr/taskworkspace/zephyr-course/twister-out/native_sim_native/host/homework.unit.ring_buf/zephyr/kernel/CMakeFiles/kernel.dir/sem.c.gcda is included (trace)...
(DEBUG)   No filter matched.
(DEBUG) --> File is excluded.
(DEBUG) Check if /home/federico/Documents/Curso_Zephyr/taskworkspace/zephyr-course/twister-out/native_sim_native/host/homework.unit.ring_buf/zephyr/kernel/CMakeFiles/kernel.dir/sem.c.gcda is included (trace)...
(DEBUG) --> File is excluded.
(DEBUG) Check if sem.c##ba490e1d34325e0d5acb598248e9bd2e.gcov.json.gz is included (gcov file)...
(DEBUG)   Filter AlwaysMatchFilter() matched.
(DEBUG) --> File is included.
(DEBUG) Check if /home/federico/Documents/Curso_Zephyr/taskworkspace/zephyr-course/app/modules/ring_buf/sem.c##ba490e1d34325e0d5acb598248e9bd2e.gcov.json.gz is included (trace)...
(DEBUG)   No filter matched.
(DEBUG) --> File is excluded.
(DEBUG) Check if /home/federico/Documents/Curso_Zephyr/taskworkspace/deps/zephyr/kernel/sem.c is included (source file)...
(DEBUG)   No filter matched.
(DEBUG) --> File is excluded.
(DEBUG) Check if /home/federico/Documents/Curso_Zephyr/taskworkspace/deps/zephyr/kernel/include/ksched.h is included (source file)...
(DEBUG) --> File is excluded.
(DEBUG) Check if /home/federico/Documents/Curso_Zephyr/taskworkspace/deps/zephyr/kernel/include/kthread.h is included (source file)...
(DEBUG) --> File is excluded.
(DEBUG) Check if /home/federico/Documents/Curso_Zephyr/taskworkspace/deps/zephyr/arch/posix/include/kernel_arch_func.h is included (source file)...
(DEBUG) --> File is excluded.
(DEBUG) Check if /home/federico/Documents/Curso_Zephyr/taskworkspace/deps/zephyr/kernel/include/wait_q.h is included (source file)...
(DEBUG) --> File is excluded.
(DEBUG) Check if /home/federico/Documents/Curso_Zephyr/taskworkspace/deps/zephyr/kernel/include/priority_q.h is included (source file)...
(DEBUG) --> File is excluded.
(DEBUG) Check if /home/federico/Documents/Curso_Zephyr/taskworkspace/deps/zephyr/kernel/include/timeout_q.h is included (source file)...
(DEBUG) --> File is excluded.
(DEBUG) Check if /home/federico/Documents/Curso_Zephyr/taskworkspace/deps/zephyr/include/zephyr/sys/internal/kobject_internal.h is included (source file)...
(DEBUG) --> File is excluded.
(DEBUG) Check if /home/federico/Documents/Curso_Zephyr/taskworkspace/deps/zephyr/include/zephyr/spinlock.h is included (source file)...
(DEBUG) --> File is excluded.
(DEBUG) Check if /home/federico/Documents/Curso_Zephyr/taskworkspace/deps/zephyr/include/zephyr/arch/posix/arch.h is included (source file)...
(DEBUG) --> File is excluded.
(DEBUG) Check if /home/federico/Documents/Curso_Zephyr/taskworkspace/deps/zephyr/include/zephyr/sys/dlist.h is included (source file)...
(DEBUG) --> File is excluded.
(DEBUG) Check if /home/federico/Documents/Curso_Zephyr/taskworkspace/zephyr-course/twister-out/native_sim_native/host/homework.unit.ring_buf/zephyr/kernel/CMakeFiles/kernel.dir/spinlock_validate.c.gcda is included (trace)...
(DEBUG)   No filter matched.
(DEBUG) --> File is excluded.
(DEBUG) Check if /home/federico/Documents/Curso_Zephyr/taskworkspace/zephyr-course/twister-out/native_sim_native/host/homework.unit.ring_buf/zephyr/kernel/CMakeFiles/kernel.dir/spinlock_validate.c.gcda is included (trace)...
(DEBUG) --> File is excluded.
(DEBUG) Check if spinlock_validate.c##753ffbbe28916c0932e88917705ea4de.gcov.json.gz is included (gcov file)...
(DEBUG)   Filter AlwaysMatchFilter() matched.
(DEBUG) --> File is included.
(DEBUG) Check if /home/federico/Documents/Curso_Zephyr/taskworkspace/zephyr-course/app/modules/ring_buf/spinlock_validate.c##753ffbbe28916c0932e88917705ea4de.gcov.json.gz is included (trace)...
(DEBUG)   No filter matched.
(DEBUG) --> File is excluded.
(DEBUG) Check if /home/federico/Documents/Curso_Zephyr/taskworkspace/deps/zephyr/kernel/spinlock_validate.c is included (source file)...
(DEBUG)   No filter matched.
(DEBUG) --> File is excluded.
(DEBUG) Check if /home/federico/Documents/Curso_Zephyr/taskworkspace/deps/zephyr/arch/posix/include/kernel_arch_func.h is included (source file)...
(DEBUG) --> File is excluded.
(DEBUG) Check if /home/federico/Documents/Curso_Zephyr/taskworkspace/zephyr-course/twister-out/native_sim_native/host/homework.unit.ring_buf/zephyr/kernel/CMakeFiles/kernel.dir/stack.c.gcno is included (trace)...
(DEBUG)   No filter matched.
(DEBUG) --> File is excluded.
(DEBUG) Check if /home/federico/Documents/Curso_Zephyr/taskworkspace/zephyr-course/twister-out/native_sim_native/host/homework.unit.ring_buf/zephyr/kernel/CMakeFiles/kernel.dir/stack.c.gcno is included (trace)...
(DEBUG) --> File is excluded.
(DEBUG) Check if stack.c##9da3df30d42f80bfee3affc931dab440.gcov.json.gz is included (gcov file)...
(DEBUG)   Filter AlwaysMatchFilter() matched.
(DEBUG) --> File is included.
(DEBUG) Check if /home/federico/Documents/Curso_Zephyr/taskworkspace/zephyr-course/app/modules/ring_buf/stack.c##9da3df30d42f80bfee3affc931dab440.gcov.json.gz is included (trace)...
(DEBUG)   No filter matched.
(DEBUG) --> File is excluded.
(DEBUG) Check if /home/federico/Documents/Curso_Zephyr/taskworkspace/deps/zephyr/kernel/stack.c is included (source file)...
(DEBUG)   No filter matched.
(DEBUG) --> File is excluded.
(DEBUG) Check if /home/federico/Documents/Curso_Zephyr/taskworkspace/deps/zephyr/kernel/include/wait_q.h is included (source file)...
(DEBUG) --> File is excluded.
(DEBUG) Check if /home/federico/Documents/Curso_Zephyr/taskworkspace/deps/zephyr/kernel/include/ksched.h is included (source file)...
(DEBUG) --> File is excluded.
(DEBUG) Check if /home/federico/Documents/Curso_Zephyr/taskworkspace/deps/zephyr/kernel/include/priority_q.h is included (source file)...
(DEBUG) --> File is excluded.
(DEBUG) Check if /home/federico/Documents/Curso_Zephyr/taskworkspace/deps/zephyr/kernel/include/kthread.h is included (source file)...
(DEBUG) --> File is excluded.
(DEBUG) Check if /home/federico/Documents/Curso_Zephyr/taskworkspace/deps/zephyr/kernel/include/timeout_q.h is included (source file)...
(DEBUG) --> File is excluded.
(DEBUG) Check if /home/federico/Documents/Curso_Zephyr/taskworkspace/deps/zephyr/kernel/include/kernel_internal.h is included (source file)...
(DEBUG) --> File is excluded.
(DEBUG) Check if /home/federico/Documents/Curso_Zephyr/taskworkspace/deps/zephyr/arch/posix/include/kernel_arch_func.h is included (source file)...
(DEBUG) --> File is excluded.
(DEBUG) Check if /home/federico/Documents/Curso_Zephyr/taskworkspace/deps/zephyr/include/zephyr/sys/internal/kobject_internal.h is included (source file)...
(DEBUG) --> File is excluded.
(DEBUG) Check if /home/federico/Documents/Curso_Zephyr/taskworkspace/deps/zephyr/include/zephyr/spinlock.h is included (source file)...
(DEBUG) --> File is excluded.
(DEBUG) Check if /home/federico/Documents/Curso_Zephyr/taskworkspace/deps/zephyr/include/zephyr/arch/posix/arch.h is included (source file)...
(DEBUG) --> File is excluded.
(DEBUG) Check if /home/federico/Documents/Curso_Zephyr/taskworkspace/deps/zephyr/include/zephyr/sys/dlist.h is included (source file)...
(DEBUG) --> File is excluded.
(DEBUG) Check if /home/federico/Documents/Curso_Zephyr/taskworkspace/zephyr-course/twister-out/native_sim_native/host/homework.unit.ring_buf/zephyr/kernel/CMakeFiles/kernel.dir/system_work_q.c.gcno is included (trace)...
(DEBUG)   No filter matched.
(DEBUG) --> File is excluded.
(DEBUG) Check if /home/federico/Documents/Curso_Zephyr/taskworkspace/zephyr-course/twister-out/native_sim_native/host/homework.unit.ring_buf/zephyr/kernel/CMakeFiles/kernel.dir/system_work_q.c.gcno is included (trace)...
(DEBUG) --> File is excluded.
(DEBUG) Check if system_work_q.c##c5505f7ea4a40521a5000f2a8fbc56e4.gcov.json.gz is included (gcov file)...
(DEBUG)   Filter AlwaysMatchFilter() matched.
(DEBUG) --> File is included.
(DEBUG) Check if /home/federico/Documents/Curso_Zephyr/taskworkspace/zephyr-course/app/modules/ring_buf/system_work_q.c##c5505f7ea4a40521a5000f2a8fbc56e4.gcov.json.gz is included (trace)...
(DEBUG)   No filter matched.
(DEBUG) --> File is excluded.
(DEBUG) Check if /home/federico/Documents/Curso_Zephyr/taskworkspace/deps/zephyr/kernel/system_work_q.c is included (source file)...
(DEBUG)   No filter matched.
(DEBUG) --> File is excluded.
(DEBUG) Check if /home/federico/Documents/Curso_Zephyr/taskworkspace/zephyr-course/twister-out/native_sim_native/host/homework.unit.ring_buf/zephyr/kernel/CMakeFiles/kernel.dir/thread.c.gcda is included (trace)...
(DEBUG)   No filter matched.
(DEBUG) --> File is excluded.
(DEBUG) Check if /home/federico/Documents/Curso_Zephyr/taskworkspace/zephyr-course/twister-out/native_sim_native/host/homework.unit.ring_buf/zephyr/kernel/CMakeFiles/kernel.dir/thread.c.gcda is included (trace)...
(DEBUG) --> File is excluded.
(DEBUG) Check if thread.c##81593b0a4c70be42b70473cc9235e477.gcov.json.gz is included (gcov file)...
(DEBUG)   Filter AlwaysMatchFilter() matched.
(DEBUG) --> File is included.
(DEBUG) Check if /home/federico/Documents/Curso_Zephyr/taskworkspace/zephyr-course/app/modules/ring_buf/thread.c##81593b0a4c70be42b70473cc9235e477.gcov.json.gz is included (trace)...
(DEBUG)   No filter matched.
(DEBUG) --> File is excluded.
(DEBUG) Check if /home/federico/Documents/Curso_Zephyr/taskworkspace/deps/zephyr/kernel/thread.c is included (source file)...
(DEBUG)   No filter matched.
(DEBUG) --> File is excluded.
(DEBUG) Check if /home/federico/Documents/Curso_Zephyr/taskworkspace/deps/zephyr/include/zephyr/logging/log_msg.h is included (source file)...
(DEBUG) --> File is excluded.
(DEBUG) Check if /home/federico/Documents/Curso_Zephyr/taskworkspace/deps/zephyr/kernel/include/wait_q.h is included (source file)...
(DEBUG) --> File is excluded.
(DEBUG) Check if /home/federico/Documents/Curso_Zephyr/taskworkspace/deps/zephyr/kernel/include/kthread.h is included (source file)...
(DEBUG) --> File is excluded.
(DEBUG) Check if /home/federico/Documents/Curso_Zephyr/taskworkspace/deps/zephyr/kernel/include/timeout_q.h is included (source file)...
(DEBUG) --> File is excluded.
(DEBUG) Check if /home/federico/Documents/Curso_Zephyr/taskworkspace/deps/zephyr/arch/posix/include/kernel_arch_func.h is included (source file)...
(DEBUG) --> File is excluded.
(DEBUG) Check if /home/federico/Documents/Curso_Zephyr/taskworkspace/zephyr-course/twister-out/native_sim_native/host/homework.unit.ring_buf/zephyr/include/generated/zephyr/syscalls/kernel.h is included (source file)...
(DEBUG) --> File is excluded.
(DEBUG) Check if /home/federico/Documents/Curso_Zephyr/taskworkspace/deps/zephyr/include/zephyr/kernel.h is included (source file)...
(DEBUG) --> File is excluded.
(DEBUG) Check if /home/federico/Documents/Curso_Zephyr/taskworkspace/deps/zephyr/include/zephyr/kernel/thread_stack.h is included (source file)...
(DEBUG) --> File is excluded.
(DEBUG) Check if /home/federico/Documents/Curso_Zephyr/taskworkspace/deps/zephyr/include/zephyr/sys/dlist.h is included (source file)...
(DEBUG) --> File is excluded.
(DEBUG) Check if /home/federico/Documents/Curso_Zephyr/taskworkspace/zephyr-course/twister-out/native_sim_native/host/homework.unit.ring_buf/zephyr/kernel/CMakeFiles/kernel.dir/timeout.c.gcda is included (trace)...
(DEBUG)   No filter matched.
(DEBUG) --> File is excluded.
(DEBUG) Check if /home/federico/Documents/Curso_Zephyr/taskworkspace/zephyr-course/twister-out/native_sim_native/host/homework.unit.ring_buf/zephyr/kernel/CMakeFiles/kernel.dir/timeout.c.gcda is included (trace)...
(DEBUG) --> File is excluded.
(DEBUG) Check if timeout.c##5b4478ffc8456581cc37e7f4f2e53cde.gcov.json.gz is included (gcov file)...
(DEBUG)   Filter AlwaysMatchFilter() matched.
(DEBUG) --> File is included.
(DEBUG) Check if /home/federico/Documents/Curso_Zephyr/taskworkspace/zephyr-course/app/modules/ring_buf/timeout.c##5b4478ffc8456581cc37e7f4f2e53cde.gcov.json.gz is included (trace)...
(DEBUG)   No filter matched.
(DEBUG) --> File is excluded.
(DEBUG) Check if /home/federico/Documents/Curso_Zephyr/taskworkspace/deps/zephyr/kernel/timeout.c is included (source file)...
(DEBUG)   No filter matched.
(DEBUG) --> File is excluded.
(DEBUG) Check if /home/federico/Documents/Curso_Zephyr/taskworkspace/deps/zephyr/kernel/include/timeout_q.h is included (source file)...
(DEBUG) --> File is excluded.
(DEBUG) Check if /home/federico/Documents/Curso_Zephyr/taskworkspace/deps/zephyr/include/zephyr/spinlock.h is included (source file)...
(DEBUG) --> File is excluded.
(DEBUG) Check if /home/federico/Documents/Curso_Zephyr/taskworkspace/deps/zephyr/include/zephyr/arch/posix/arch.h is included (source file)...
(DEBUG) --> File is excluded.
(DEBUG) Check if /home/federico/Documents/Curso_Zephyr/taskworkspace/deps/zephyr/include/zephyr/sys/dlist.h is included (source file)...
(DEBUG) --> File is excluded.
(DEBUG) Check if /home/federico/Documents/Curso_Zephyr/taskworkspace/zephyr-course/twister-out/native_sim_native/host/homework.unit.ring_buf/zephyr/kernel/CMakeFiles/kernel.dir/timer.c.gcda is included (trace)...
(DEBUG)   No filter matched.
(DEBUG) --> File is excluded.
(DEBUG) Check if /home/federico/Documents/Curso_Zephyr/taskworkspace/zephyr-course/twister-out/native_sim_native/host/homework.unit.ring_buf/zephyr/kernel/CMakeFiles/kernel.dir/timer.c.gcda is included (trace)...
(DEBUG) --> File is excluded.
(DEBUG) Check if timer.c##23453ca74bc2632955bd5863f38cd0eb.gcov.json.gz is included (gcov file)...
(DEBUG)   Filter AlwaysMatchFilter() matched.
(DEBUG) --> File is included.
(DEBUG) Check if /home/federico/Documents/Curso_Zephyr/taskworkspace/zephyr-course/app/modules/ring_buf/timer.c##23453ca74bc2632955bd5863f38cd0eb.gcov.json.gz is included (trace)...
(DEBUG)   No filter matched.
(DEBUG) --> File is excluded.
(DEBUG) Check if /home/federico/Documents/Curso_Zephyr/taskworkspace/deps/zephyr/kernel/timer.c is included (source file)...
(DEBUG)   No filter matched.
(DEBUG) --> File is excluded.
(DEBUG) Check if /home/federico/Documents/Curso_Zephyr/taskworkspace/deps/zephyr/kernel/include/wait_q.h is included (source file)...
(DEBUG) --> File is excluded.
(DEBUG) Check if /home/federico/Documents/Curso_Zephyr/taskworkspace/deps/zephyr/kernel/include/ksched.h is included (source file)...
(DEBUG) --> File is excluded.
(DEBUG) Check if /home/federico/Documents/Curso_Zephyr/taskworkspace/deps/zephyr/kernel/include/timeout_q.h is included (source file)...
(DEBUG) --> File is excluded.
(DEBUG) Check if /home/federico/Documents/Curso_Zephyr/taskworkspace/deps/zephyr/arch/posix/include/kernel_arch_func.h is included (source file)...
(DEBUG) --> File is excluded.
(DEBUG) Check if /home/federico/Documents/Curso_Zephyr/taskworkspace/zephyr-course/twister-out/native_sim_native/host/homework.unit.ring_buf/zephyr/include/generated/zephyr/syscalls/kernel.h is included (source file)...
(DEBUG) --> File is excluded.
(DEBUG) Check if /home/federico/Documents/Curso_Zephyr/taskworkspace/deps/zephyr/include/zephyr/sys/internal/kobject_internal.h is included (source file)...
(DEBUG) --> File is excluded.
(DEBUG) Check if /home/federico/Documents/Curso_Zephyr/taskworkspace/deps/zephyr/include/zephyr/spinlock.h is included (source file)...
(DEBUG) --> File is excluded.
(DEBUG) Check if /home/federico/Documents/Curso_Zephyr/taskworkspace/deps/zephyr/include/zephyr/arch/posix/arch.h is included (source file)...
(DEBUG) --> File is excluded.
(DEBUG) Check if /home/federico/Documents/Curso_Zephyr/taskworkspace/deps/zephyr/include/zephyr/sys/dlist.h is included (source file)...
(DEBUG) --> File is excluded.
(DEBUG) Check if /home/federico/Documents/Curso_Zephyr/taskworkspace/zephyr-course/twister-out/native_sim_native/host/homework.unit.ring_buf/zephyr/kernel/CMakeFiles/kernel.dir/timeslicing.c.gcda is included (trace)...
(DEBUG)   No filter matched.
(DEBUG) --> File is excluded.
(DEBUG) Check if /home/federico/Documents/Curso_Zephyr/taskworkspace/zephyr-course/twister-out/native_sim_native/host/homework.unit.ring_buf/zephyr/kernel/CMakeFiles/kernel.dir/timeslicing.c.gcda is included (trace)...
(DEBUG) --> File is excluded.
(DEBUG) Check if timeslicing.c##2de7e9f14ac3cf20f0c461c0ebd733cc.gcov.json.gz is included (gcov file)...
(DEBUG)   Filter AlwaysMatchFilter() matched.
(DEBUG) --> File is included.
(DEBUG) Check if /home/federico/Documents/Curso_Zephyr/taskworkspace/zephyr-course/app/modules/ring_buf/timeslicing.c##2de7e9f14ac3cf20f0c461c0ebd733cc.gcov.json.gz is included (trace)...
(DEBUG)   No filter matched.
(DEBUG) --> File is excluded.
(DEBUG) Check if /home/federico/Documents/Curso_Zephyr/taskworkspace/deps/zephyr/kernel/timeslicing.c is included (source file)...
(DEBUG)   No filter matched.
(DEBUG) --> File is excluded.
(DEBUG) Check if /home/federico/Documents/Curso_Zephyr/taskworkspace/deps/zephyr/kernel/include/ksched.h is included (source file)...
(DEBUG) --> File is excluded.
(DEBUG) Check if /home/federico/Documents/Curso_Zephyr/taskworkspace/deps/zephyr/kernel/include/kthread.h is included (source file)...
(DEBUG) --> File is excluded.
(DEBUG) Check if /home/federico/Documents/Curso_Zephyr/taskworkspace/deps/zephyr/include/zephyr/spinlock.h is included (source file)...
(DEBUG) --> File is excluded.
(DEBUG) Check if /home/federico/Documents/Curso_Zephyr/taskworkspace/deps/zephyr/include/zephyr/arch/posix/arch.h is included (source file)...
(DEBUG) --> File is excluded.
(DEBUG) Check if /home/federico/Documents/Curso_Zephyr/taskworkspace/zephyr-course/twister-out/native_sim_native/host/homework.unit.ring_buf/zephyr/kernel/CMakeFiles/kernel.dir/version.c.gcno is included (trace)...
(DEBUG)   No filter matched.
(DEBUG) --> File is excluded.
(DEBUG) Check if /home/federico/Documents/Curso_Zephyr/taskworkspace/zephyr-course/twister-out/native_sim_native/host/homework.unit.ring_buf/zephyr/kernel/CMakeFiles/kernel.dir/version.c.gcno is included (trace)...
(DEBUG) --> File is excluded.
(DEBUG) Check if version.c##d7216b2bf10534704d98ffb4129e2a7f.gcov.json.gz is included (gcov file)...
(DEBUG)   Filter AlwaysMatchFilter() matched.
(DEBUG) --> File is included.
(DEBUG) Check if /home/federico/Documents/Curso_Zephyr/taskworkspace/zephyr-course/app/modules/ring_buf/version.c##d7216b2bf10534704d98ffb4129e2a7f.gcov.json.gz is included (trace)...
(DEBUG)   No filter matched.
(DEBUG) --> File is excluded.
(DEBUG) Check if /home/federico/Documents/Curso_Zephyr/taskworkspace/deps/zephyr/kernel/version.c is included (source file)...
(DEBUG)   No filter matched.
(DEBUG) --> File is excluded.
(DEBUG) Check if /home/federico/Documents/Curso_Zephyr/taskworkspace/zephyr-course/twister-out/native_sim_native/host/homework.unit.ring_buf/zephyr/kernel/CMakeFiles/kernel.dir/work.c.gcno is included (trace)...
(DEBUG)   No filter matched.
(DEBUG) --> File is excluded.
(DEBUG) Check if /home/federico/Documents/Curso_Zephyr/taskworkspace/zephyr-course/twister-out/native_sim_native/host/homework.unit.ring_buf/zephyr/kernel/CMakeFiles/kernel.dir/work.c.gcno is included (trace)...
(DEBUG) --> File is excluded.
(DEBUG) Check if work.c##a9ab90bf4be6645eb266d486514e0001.gcov.json.gz is included (gcov file)...
(DEBUG)   Filter AlwaysMatchFilter() matched.
(DEBUG) --> File is included.
(DEBUG) Check if /home/federico/Documents/Curso_Zephyr/taskworkspace/zephyr-course/app/modules/ring_buf/work.c##a9ab90bf4be6645eb266d486514e0001.gcov.json.gz is included (trace)...
(DEBUG)   No filter matched.
(DEBUG) --> File is excluded.
(DEBUG) Check if /home/federico/Documents/Curso_Zephyr/taskworkspace/deps/zephyr/kernel/work.c is included (source file)...
(DEBUG)   No filter matched.
(DEBUG) --> File is excluded.
(DEBUG) Check if /home/federico/Documents/Curso_Zephyr/taskworkspace/deps/zephyr/kernel/include/ksched.h is included (source file)...
(DEBUG) --> File is excluded.
(DEBUG) Check if /home/federico/Documents/Curso_Zephyr/taskworkspace/deps/zephyr/kernel/include/wait_q.h is included (source file)...
(DEBUG) --> File is excluded.
(DEBUG) Check if /home/federico/Documents/Curso_Zephyr/taskworkspace/deps/zephyr/kernel/include/timeout_q.h is included (source file)...
(DEBUG) --> File is excluded.
(DEBUG) Check if /home/federico/Documents/Curso_Zephyr/taskworkspace/zephyr-course/twister-out/native_sim_native/host/homework.unit.ring_buf/zephyr/include/generated/zephyr/syscalls/kernel.h is included (source file)...
(DEBUG) --> File is excluded.
(DEBUG) Check if /home/federico/Documents/Curso_Zephyr/taskworkspace/deps/zephyr/include/zephyr/kernel.h is included (source file)...
(DEBUG) --> File is excluded.
(DEBUG) Check if /home/federico/Documents/Curso_Zephyr/taskworkspace/deps/zephyr/include/zephyr/spinlock.h is included (source file)...
(DEBUG) --> File is excluded.
(DEBUG) Check if /home/federico/Documents/Curso_Zephyr/taskworkspace/deps/zephyr/include/zephyr/arch/posix/arch.h is included (source file)...
(DEBUG) --> File is excluded.
(DEBUG) Check if /home/federico/Documents/Curso_Zephyr/taskworkspace/deps/zephyr/include/zephyr/sys/slist.h is included (source file)...
(DEBUG) --> File is excluded.
(DEBUG) Check if /home/federico/Documents/Curso_Zephyr/taskworkspace/deps/zephyr/include/zephyr/sys/dlist.h is included (source file)...
(DEBUG) --> File is excluded.
(DEBUG) Check if /home/federico/Documents/Curso_Zephyr/taskworkspace/zephyr-course/twister-out/native_sim_native/host/homework.unit.ring_buf/zephyr/soc/soc/native/CMakeFiles/soc__native__inf_clock.dir/native_remap.c.gcda is included (trace)...
(DEBUG)   No filter matched.
(DEBUG) --> File is excluded.
(DEBUG) Check if /home/federico/Documents/Curso_Zephyr/taskworkspace/zephyr-course/twister-out/native_sim_native/host/homework.unit.ring_buf/zephyr/soc/soc/native/CMakeFiles/soc__native__inf_clock.dir/native_remap.c.gcda is included (trace)...
(DEBUG) --> File is excluded.
(DEBUG) Check if native_remap.c##8afa44bd6ea95b90b4ab2381730e5f7a.gcov.json.gz is included (gcov file)...
(DEBUG)   Filter AlwaysMatchFilter() matched.
(DEBUG) --> File is included.
(DEBUG) Check if /home/federico/Documents/Curso_Zephyr/taskworkspace/zephyr-course/app/modules/ring_buf/native_remap.c##8afa44bd6ea95b90b4ab2381730e5f7a.gcov.json.gz is included (trace)...
(DEBUG)   No filter matched.
(DEBUG) --> File is excluded.
(DEBUG) Check if /home/federico/Documents/Curso_Zephyr/taskworkspace/deps/zephyr/soc/native/inf_clock/native_remap.c is included (source file)...
(DEBUG)   No filter matched.
(DEBUG) --> File is excluded.
(DEBUG) Check if /home/federico/Documents/Curso_Zephyr/taskworkspace/zephyr-course/twister-out/native_sim_native/host/homework.unit.ring_buf/zephyr/soc/soc/native/CMakeFiles/soc__native__inf_clock.dir/native_tasks.c.gcda is included (trace)...
(DEBUG)   No filter matched.
(DEBUG) --> File is excluded.
(DEBUG) Check if /home/federico/Documents/Curso_Zephyr/taskworkspace/zephyr-course/twister-out/native_sim_native/host/homework.unit.ring_buf/zephyr/soc/soc/native/CMakeFiles/soc__native__inf_clock.dir/native_tasks.c.gcda is included (trace)...
(DEBUG) --> File is excluded.
(DEBUG) Check if native_tasks.c##f102c766f97b71a88fadb07b0a1d75ff.gcov.json.gz is included (gcov file)...
(DEBUG)   Filter AlwaysMatchFilter() matched.
(DEBUG) --> File is included.
(DEBUG) Check if /home/federico/Documents/Curso_Zephyr/taskworkspace/zephyr-course/app/modules/ring_buf/native_tasks.c##f102c766f97b71a88fadb07b0a1d75ff.gcov.json.gz is included (trace)...
(DEBUG)   No filter matched.
(DEBUG) --> File is excluded.
(DEBUG) Check if /home/federico/Documents/Curso_Zephyr/taskworkspace/deps/zephyr/soc/native/inf_clock/native_tasks.c is included (source file)...
(DEBUG)   No filter matched.
(DEBUG) --> File is excluded.
(DEBUG) Check if /home/federico/Documents/Curso_Zephyr/taskworkspace/zephyr-course/twister-out/native_sim_native/host/homework.unit.ring_buf/zephyr/soc/soc/native/CMakeFiles/soc__native__inf_clock.dir/soc.c.gcda is included (trace)...
(DEBUG)   No filter matched.
(DEBUG) --> File is excluded.
(DEBUG) Check if /home/federico/Documents/Curso_Zephyr/taskworkspace/zephyr-course/twister-out/native_sim_native/host/homework.unit.ring_buf/zephyr/soc/soc/native/CMakeFiles/soc__native__inf_clock.dir/soc.c.gcda is included (trace)...
(DEBUG) --> File is excluded.
(DEBUG) Check if soc.c##4ac800b4e9a8cbd380313f3141bacdb7.gcov.json.gz is included (gcov file)...
(DEBUG)   Filter AlwaysMatchFilter() matched.
(DEBUG) --> File is included.
(DEBUG) Check if /home/federico/Documents/Curso_Zephyr/taskworkspace/zephyr-course/app/modules/ring_buf/soc.c##4ac800b4e9a8cbd380313f3141bacdb7.gcov.json.gz is included (trace)...
(DEBUG)   No filter matched.
(DEBUG) --> File is excluded.
(DEBUG) Check if /home/federico/Documents/Curso_Zephyr/taskworkspace/deps/zephyr/soc/native/inf_clock/soc.c is included (source file)...
(DEBUG)   No filter matched.
(DEBUG) --> File is excluded.
(DEBUG) Check if /home/federico/Documents/Curso_Zephyr/taskworkspace/zephyr-course/twister-out/native_sim_native/host/homework.unit.ring_buf/zephyr/subsys/random/CMakeFiles/subsys__random.dir/random_test_csprng.c.gcda is included (trace)...
(DEBUG)   No filter matched.
(DEBUG) --> File is excluded.
(DEBUG) Check if /home/federico/Documents/Curso_Zephyr/taskworkspace/zephyr-course/twister-out/native_sim_native/host/homework.unit.ring_buf/zephyr/subsys/random/CMakeFiles/subsys__random.dir/random_test_csprng.c.gcda is included (trace)...
(DEBUG) --> File is excluded.
(DEBUG) Check if random_test_csprng.c##0457b25d49e1d4934b27c59e95ff65e4.gcov.json.gz is included (gcov file)...
(DEBUG)   Filter AlwaysMatchFilter() matched.
(DEBUG) --> File is included.
(DEBUG) Check if /home/federico/Documents/Curso_Zephyr/taskworkspace/zephyr-course/app/modules/ring_buf/random_test_csprng.c##0457b25d49e1d4934b27c59e95ff65e4.gcov.json.gz is included (trace)...
(DEBUG)   No filter matched.
(DEBUG) --> File is excluded.
(DEBUG) Check if /home/federico/Documents/Curso_Zephyr/taskworkspace/deps/zephyr/subsys/random/random_test_csprng.c is included (source file)...
(DEBUG)   No filter matched.
(DEBUG) --> File is excluded.
(DEBUG) Check if /home/federico/Documents/Curso_Zephyr/taskworkspace/zephyr-course/twister-out/native_sim_native/host/homework.unit.ring_buf/zephyr/include/generated/zephyr/syscalls/random.h is included (source file)...
(DEBUG)   No filter matched.
(DEBUG) --> File is excluded.
(DEBUG) Check if /home/federico/Documents/Curso_Zephyr/taskworkspace/zephyr-course/twister-out/native_sim_native/host/homework.unit.ring_buf/zephyr/subsys/random/CMakeFiles/subsys__random.dir/random_timer.c.gcda is included (trace)...
(DEBUG)   No filter matched.
(DEBUG) --> File is excluded.
(DEBUG) Check if /home/federico/Documents/Curso_Zephyr/taskworkspace/zephyr-course/twister-out/native_sim_native/host/homework.unit.ring_buf/zephyr/subsys/random/CMakeFiles/subsys__random.dir/random_timer.c.gcda is included (trace)...
(DEBUG) --> File is excluded.
(DEBUG) Check if random_timer.c##c3127987a236eddd4da705ec208a0a34.gcov.json.gz is included (gcov file)...
(DEBUG)   Filter AlwaysMatchFilter() matched.
(DEBUG) --> File is included.
(DEBUG) Check if /home/federico/Documents/Curso_Zephyr/taskworkspace/zephyr-course/app/modules/ring_buf/random_timer.c##c3127987a236eddd4da705ec208a0a34.gcov.json.gz is included (trace)...
(DEBUG)   No filter matched.
(DEBUG) --> File is excluded.
(DEBUG) Check if /home/federico/Documents/Curso_Zephyr/taskworkspace/deps/zephyr/subsys/random/random_timer.c is included (source file)...
(DEBUG)   No filter matched.
(DEBUG) --> File is excluded.
(DEBUG) Check if /home/federico/Documents/Curso_Zephyr/taskworkspace/deps/zephyr/include/zephyr/kernel.h is included (source file)...
(DEBUG) --> File is excluded.
(DEBUG) Check if /home/federico/Documents/Curso_Zephyr/taskworkspace/deps/zephyr/include/zephyr/spinlock.h is included (source file)...
(DEBUG) --> File is excluded.
(DEBUG) Check if /home/federico/Documents/Curso_Zephyr/taskworkspace/deps/zephyr/include/zephyr/arch/posix/arch.h is included (source file)...
(DEBUG) --> File is excluded.
(DEBUG) Check if /home/federico/Documents/Curso_Zephyr/taskworkspace/zephyr-course/twister-out/native_sim_native/host/homework.unit.ring_buf/zephyr/subsys/testsuite/ztest/CMakeFiles/subsys__testsuite__ztest.dir/src/ztest.c.gcda is included (trace)...
(DEBUG)   No filter matched.
(DEBUG) --> File is excluded.
(DEBUG) Check if /home/federico/Documents/Curso_Zephyr/taskworkspace/zephyr-course/twister-out/native_sim_native/host/homework.unit.ring_buf/zephyr/subsys/testsuite/ztest/CMakeFiles/subsys__testsuite__ztest.dir/src/ztest.c.gcda is included (trace)...
(DEBUG) --> File is excluded.
(DEBUG) Check if ztest.c##0366cd7159ce34214c34cf689276e3b8.gcov.json.gz is included (gcov file)...
(DEBUG)   Filter AlwaysMatchFilter() matched.
(DEBUG) --> File is included.
(DEBUG) Check if /home/federico/Documents/Curso_Zephyr/taskworkspace/zephyr-course/app/modules/ring_buf/ztest.c##0366cd7159ce34214c34cf689276e3b8.gcov.json.gz is included (trace)...
(DEBUG)   No filter matched.
(DEBUG) --> File is excluded.
(DEBUG) Check if /home/federico/Documents/Curso_Zephyr/taskworkspace/deps/zephyr/subsys/testsuite/ztest/src/ztest.c is included (source file)...
(DEBUG)   No filter matched.
(DEBUG) --> File is excluded.
(DEBUG) Check if /home/federico/Documents/Curso_Zephyr/taskworkspace/zephyr-course/twister-out/native_sim_native/host/homework.unit.ring_buf/zephyr/include/generated/zephyr/syscalls/random.h is included (source file)...
(DEBUG) --> File is excluded.
(DEBUG) Check if /home/federico/Documents/Curso_Zephyr/taskworkspace/deps/zephyr/include/zephyr/random/random.h is included (source file)...
(DEBUG)   No filter matched.
(DEBUG) --> File is excluded.
(DEBUG) Check if /home/federico/Documents/Curso_Zephyr/taskworkspace/zephyr-course/twister-out/native_sim_native/host/homework.unit.ring_buf/zephyr/include/generated/zephyr/syscalls/ztest_test.h is included (source file)...
(DEBUG)   No filter matched.
(DEBUG) --> File is excluded.
(DEBUG) Check if /home/federico/Documents/Curso_Zephyr/taskworkspace/zephyr-course/twister-out/native_sim_native/host/homework.unit.ring_buf/zephyr/include/generated/zephyr/syscalls/log_ctrl.h is included (source file)...
(DEBUG) --> File is excluded.
(DEBUG) Check if /home/federico/Documents/Curso_Zephyr/taskworkspace/deps/zephyr/include/zephyr/logging/log_ctrl.h is included (source file)...
(DEBUG)   No filter matched.
(DEBUG) --> File is excluded.
(DEBUG) Check if /home/federico/Documents/Curso_Zephyr/taskworkspace/deps/zephyr/subsys/testsuite/include/zephyr/tc_util.h is included (source file)...
(DEBUG)   No filter matched.
(DEBUG) --> File is excluded.
(DEBUG) Check if /home/federico/Documents/Curso_Zephyr/taskworkspace/zephyr-course/twister-out/native_sim_native/host/homework.unit.ring_buf/zephyr/include/generated/zephyr/syscalls/kernel.h is included (source file)...
(DEBUG) --> File is excluded.
(DEBUG) Check if /home/federico/Documents/Curso_Zephyr/taskworkspace/deps/zephyr/include/zephyr/kernel.h is included (source file)...
(DEBUG) --> File is excluded.
(DEBUG) Check if /home/federico/Documents/Curso_Zephyr/taskworkspace/zephyr-course/twister-out/native_sim_native/host/homework.unit.ring_buf/zephyr/include/generated/zephyr/syscalls/kobject.h is included (source file)...
(DEBUG)   No filter matched.
(DEBUG) --> File is excluded.
(DEBUG) Check if /home/federico/Documents/Curso_Zephyr/taskworkspace/deps/zephyr/include/zephyr/sys/kobject.h is included (source file)...
(DEBUG)   No filter matched.
(DEBUG) --> File is excluded.
(DEBUG) Check if /home/federico/Documents/Curso_Zephyr/taskworkspace/deps/zephyr/include/zephyr/arch/posix/arch.h is included (source file)...
(DEBUG) --> File is excluded.
(DEBUG) Check if /home/federico/Documents/Curso_Zephyr/taskworkspace/zephyr-course/twister-out/native_sim_native/host/homework.unit.ring_buf/zephyr/subsys/testsuite/ztest/CMakeFiles/subsys__testsuite__ztest.dir/src/ztest_error_hook.c.gcno is included (trace)...
(DEBUG)   No filter matched.
(DEBUG) --> File is excluded.
(DEBUG) Check if /home/federico/Documents/Curso_Zephyr/taskworkspace/zephyr-course/twister-out/native_sim_native/host/homework.unit.ring_buf/zephyr/subsys/testsuite/ztest/CMakeFiles/subsys__testsuite__ztest.dir/src/ztest_error_hook.c.gcno is included (trace)...
(DEBUG) --> File is excluded.
(DEBUG) Check if ztest_error_hook.c##29b542eb25543d13e867826071fab963.gcov.json.gz is included (gcov file)...
(DEBUG)   Filter AlwaysMatchFilter() matched.
(DEBUG) --> File is included.
(DEBUG) Check if /home/federico/Documents/Curso_Zephyr/taskworkspace/zephyr-course/app/modules/ring_buf/ztest_error_hook.c##29b542eb25543d13e867826071fab963.gcov.json.gz is included (trace)...
(DEBUG)   No filter matched.
(DEBUG) --> File is excluded.
(DEBUG) Check if /home/federico/Documents/Curso_Zephyr/taskworkspace/zephyr-course/twister-out/native_sim_native/host/homework.unit.ring_buf/zephyr/subsys/testsuite/ztest/CMakeFiles/subsys__testsuite__ztest.dir/src/ztest_posix.c.gcda is included (trace)...
(DEBUG)   No filter matched.
(DEBUG) --> File is excluded.
(DEBUG) Check if /home/federico/Documents/Curso_Zephyr/taskworkspace/zephyr-course/twister-out/native_sim_native/host/homework.unit.ring_buf/zephyr/subsys/testsuite/ztest/CMakeFiles/subsys__testsuite__ztest.dir/src/ztest_posix.c.gcda is included (trace)...
(DEBUG) --> File is excluded.
(DEBUG) Check if ztest_posix.c##1663f748591bc3ccc519f839fffaad5e.gcov.json.gz is included (gcov file)...
(DEBUG)   Filter AlwaysMatchFilter() matched.
(DEBUG) --> File is included.
(DEBUG) Check if /home/federico/Documents/Curso_Zephyr/taskworkspace/zephyr-course/app/modules/ring_buf/ztest_posix.c##1663f748591bc3ccc519f839fffaad5e.gcov.json.gz is included (trace)...
(DEBUG)   No filter matched.
(DEBUG) --> File is excluded.
(DEBUG) Check if /home/federico/Documents/Curso_Zephyr/taskworkspace/deps/zephyr/subsys/testsuite/ztest/src/ztest_posix.c is included (source file)...
(DEBUG)   No filter matched.
(DEBUG) --> File is excluded.
(DEBUG) Check if /home/federico/Documents/Curso_Zephyr/taskworkspace/zephyr-course/twister-out/native_sim_native/host/homework.unit.ring_buf/zephyr/include/generated/zephyr/syscalls/ztest_test.h is included (source file)...
(DEBUG) --> File is excluded.
(DEBUG) Check if /home/federico/Documents/Curso_Zephyr/taskworkspace/zephyr-course/twister-out/native_sim_native/host/homework.unit.ring_buf/zephyr/subsys/testsuite/ztest/CMakeFiles/subsys__testsuite__ztest.dir/src/ztest_rules.c.gcno is included (trace)...
(DEBUG)   No filter matched.
(DEBUG) --> File is excluded.
(DEBUG) Check if /home/federico/Documents/Curso_Zephyr/taskworkspace/zephyr-course/twister-out/native_sim_native/host/homework.unit.ring_buf/zephyr/subsys/testsuite/ztest/CMakeFiles/subsys__testsuite__ztest.dir/src/ztest_rules.c.gcno is included (trace)...
(DEBUG) --> File is excluded.
(DEBUG) Check if ztest_rules.c##9306fa80d1ccbcc8bd33d09464ce85c8.gcov.json.gz is included (gcov file)...
(DEBUG)   Filter AlwaysMatchFilter() matched.
(DEBUG) --> File is included.
(DEBUG) Check if /home/federico/Documents/Curso_Zephyr/taskworkspace/zephyr-course/app/modules/ring_buf/ztest_rules.c##9306fa80d1ccbcc8bd33d09464ce85c8.gcov.json.gz is included (trace)...
(DEBUG)   No filter matched.
(DEBUG) --> File is excluded.
(WARNING) All coverage data is filtered out. Please check your paths and filters.
(INFO) Writing coverage report...
Running: gcovr -r /home/federico/Documents/Curso_Zephyr/taskworkspace/zephyr-course/app/modules/ring_buf -v --merge-mode-functions=separate --html /home/federico/Documents/Curso_Zephyr/taskworkspace/zephyr-course/twister-out/coverage/index.html --html-details --add-tracefile /home/federico/Documents/Curso_Zephyr/taskworkspace/zephyr-course/twister-out/coverage.json --add-tracefile /home/federico/Documents/Curso_Zephyr/taskworkspace/zephyr-course/twister-out/ztest.json --json-summary-pretty --json-summary /home/federico/Documents/Curso_Zephyr/taskworkspace/zephyr-course/twister-out/coverage_summary.json
(DEBUG) gcovr version 8.6
(DEBUG) File system is case sensitive.
(DEBUG) Filters for --filter: (1)
(DEBUG)  - DirectoryPrefixFilter(/home/federico/Documents/Curso_Zephyr/taskworkspace/zephyr\-course/app/modules/ring_buf/)
(DEBUG) Filters for --exclude: (0)
(DEBUG) Filters for --include: (0)
(DEBUG) Filters for --gcov-filter: (1)
(DEBUG)  - AlwaysMatchFilter()
(DEBUG) Filters for --gcov-exclude: (0)
(DEBUG) Filters for --exclude-directory: (0)
(DEBUG) Filters for --trace-include: (0)
(DEBUG) Filters for --trace-exclude: (0)
(DEBUG) Patterns for --exclude-function: (0)
(DEBUG) Patterns for --exclude-lines-by-pattern: (0)
(DEBUG) Patterns for --exclude-branches-by-pattern: (0)
(INFO) Reading coverage data...
(DEBUG) Check if /home/federico/Documents/Curso_Zephyr/taskworkspace/zephyr-course/twister-out/coverage.json is included (trace)...
(DEBUG)   No filter matched.
(DEBUG) --> File is excluded.
(DEBUG) Check if /home/federico/Documents/Curso_Zephyr/taskworkspace/zephyr-course/app/modules/ring_buf/src/ring_buf.c is included (source file)...
(DEBUG)   Filter DirectoryPrefixFilter(/home/federico/Documents/Curso_Zephyr/taskworkspace/zephyr\-course/app/modules/ring_buf/) matched for path /home/federico/Documents/Curso_Zephyr/taskworkspace/zephyr-course/app/modules/ring_buf/src/ring_buf.c.
(DEBUG) --> File is included.
(DEBUG) Check if /home/federico/Documents/Curso_Zephyr/taskworkspace/zephyr-course/twister-out/ztest.json is included (trace)...
(DEBUG)   No filter matched.
(DEBUG) --> File is excluded.
(INFO) Writing coverage report...
(DEBUG) Common prefix path is '/home/federico/Documents/Curso_Zephyr/taskworkspace/zephyr-course/app/modules/ring_buf/src'.
(DEBUG) Common relative prefix path is 'app/modules/ring_buf/src/'.
(DEBUG) Common prefix path is '/home/federico/Documents/Curso_Zephyr/taskworkspace/zephyr-course/app/modules/ring_buf/src'.
(DEBUG) Common relative prefix path is 'app/modules/ring_buf/src/'.
